"Distance [mm]","XCoord []","YCoord []","ZCoord []","TangUnitVecX []","TangUnitVecY []","TangUnitVecZ []","E_Tang []"
0,-0.001,0,0.01,0,0,-1,4.02089711782096
0.0219000016,-0.001,0,0.0099780999984,0,0,-1,4.02089711782096
0.0438000032,-0.001,0,0.0099561999968,0,0,-1,4.02089711782096
0.0657000048,-0.001,0,0.0099342999952,0,0,-1,4.02089711782096
0.0876000064,-0.001,0,0.0099123999936,0,0,-1,4.02089711782096
0.109500008,-0.001,0,0.009890499992,0,0,-1,4.02089711782096
0.1314000096,-0.001,0,0.0098685999904,0,0,-1,4.02089711782096
0.1533000112,-0.001,0,0.0098466999888,0,0,-1,4.02089711782096
0.1752000128,-0.001,0,0.0098247999872,0,0,-1,4.02089711782096
0.1971000144,-0.001,0,0.0098028999856,0,0,-1,4.02089711782095
0.219000016,-0.001,0,0.009780999984,0,0,-1,4.02089711782096
0.2409000176,-0.001,0,0.0097590999824,0,0,-1,4.02089711782096
0.2628000192,-0.001,0,0.0097371999808,0,0,-1,4.02089711782096
0.2847000208,-0.001,0,0.0097152999792,0,0,-1,4.02089711782096
0.3066000224,-0.001,0,0.0096933999776,0,0,-1,4.02113014342494
0.328500024,-0.001,0,0.009671499976,0,0,-1,4.0210881649872
0.3504000256,-0.001,0,0.0096495999744,0,0,-1,4.02104618654945
0.3723000272,-0.001,0,0.0096276999728,0,0,-1,4.02100420811171
0.3942000288,-0.001,0,0.0096057999712,0,0,-1,4.02096222967397
0.4161000304,-0.001,0,0.0095838999696,0,0,-1,4.02092025123623
0.438000032,-0.001,0,0.009561999968,0,0,-1,4.02087827279849
0.4599000336,-0.001,0,0.0095400999664,0,0,-1,4.02083629436074
0.4818000352,-0.001,0,0.0095181999648,0,0,-1,4.020794315923
0.5037000368,-0.001,0,0.0094962999632,0,0,-1,4.02075233748526
0.5256000384,-0.001,0,0.0094743999616,0,0,-1,4.02071035904751
0.54750004,-0.001,0,0.00945249996,0,0,-1,4.02066838060977
0.5694000416,-0.001,0,0.0094305999584,0,0,-1,4.02062640217203
0.5913000432,-0.001,0,0.0094086999568,0,0,-1,4.02058442373429
0.6132000448,-0.001,0,0.0093867999552,0,0,-1,4.02054244529655
0.6351000464,-0.001,0,0.0093648999536,0,0,-1,4.0205004668588
0.657000048,-0.001,0,0.009342999952,0,0,-1,4.02071348821913
0.6789000496,-0.001,0,0.0093210999504,0,0,-1,4.02075504399522
0.7008000512,-0.001,0,0.0092991999488,0,0,-1,4.02079659977129
0.7227000528,-0.001,0,0.0092772999472,0,0,-1,4.02083815554737
0.7446000544,-0.001,0,0.0092553999456,0,0,-1,4.02087971132345
0.766500056,-0.001,0,0.009233499944,0,0,-1,4.02092126709953
0.7884000576,-0.001,0,0.0092115999424,0,0,-1,4.02096282287561
0.8103000592,-0.001,0,0.0091896999408,0,0,-1,4.02100437865169
0.8322000608,-0.001,0,0.0091677999392,0,0,-1,4.02104593442777
0.8541000624,-0.001,0,0.0091458999376,0,0,-1,4.02108749020385
0.876000064,-0.001,0,0.009123999936,0,0,-1,4.02112904597993
0.8979000656,-0.001,0,0.0091020999344,0,0,-1,4.02117060175601
0.9198000672,-0.001,0,0.0090801999328,0,0,-1,4.02121215753209
0.9417000688,-0.001,0,0.0090582999312,0,0,-1,4.02125371330817
0.9636000704,-0.001,0,0.0090363999296,0,0,-1,4.02129526908425
0.985500072,-0.001,0,0.009014499928,0,0,-1,4.02133682486033
1.0074000736,-0.001,0,0.0089925999264,0,0,-1,4.02043543575533
1.0293000752,-0.001,0,0.0089706999248,0,0,-1,4.02047640817432
1.0512000768,-0.001,0,0.0089487999232,0,0,-1,4.02051738059331
1.0731000784,-0.001,0,0.0089268999216,0,0,-1,4.02055835301231
1.09500008,-0.001,0,0.00890499992,0,0,-1,4.0205993254313
1.1169000816,-0.001,0,0.0088830999184,0,0,-1,4.02064029785029
1.1388000832,-0.001,0,0.0088611999168,0,0,-1,4.02068127026928
1.1607000848,-0.001,0,0.0088392999152,0,0,-1,4.02072224268827
1.1826000864,-0.001,0,0.0088173999136,0,0,-1,4.02076321510726
1.204500088,-0.001,0,0.008795499912,0,0,-1,4.02080418752626
1.2264000896,-0.001,0,0.0087735999104,0,0,-1,4.02084515994525
1.2483000912,-0.001,0,0.0087516999088,0,0,-1,4.02088613236424
1.2702000928,-0.001,0,0.0087297999072,0,0,-1,4.02092710478323
1.2921000944,-0.001,0,0.0087078999056,0,0,-1,4.02096807720222
1.314000096,-0.001,0,0.008685999904,0,0,-1,4.02100904962121
1.3359000976,-0.001,0,0.0086640999024,0,0,-1,4.0210500220402
1.3578000992,-0.001,0,0.0086421999008,0,0,-1,4.0210909944592
1.3797001008,-0.001,0,0.0086202998992,0,0,-1,4.02088972278852
1.4016001024,-0.001,0,0.0085983998976,0,0,-1,4.02088972278852
1.423500104,-0.001,0,0.008576499896,0,0,-1,4.02088972278852
1.4454001056,-0.001,0,0.0085545998944,0,0,-1,4.02088972278852
1.4673001072,-0.001,0,0.0085326998928,0,0,-1,4.02088972278851
1.4892001088,-0.001,0,0.0085107998912,0,0,-1,4.02088972278851
1.5111001104,-0.001,0,0.0084888998896,0,0,-1,4.02088972278852
1.533000112,-0.001,0,0.008466999888,0,0,-1,4.02088972278851
1.5549001136,-0.001,0,0.0084450998864,0,0,-1,4.02088972278852
1.5768001152,-0.001,0,0.0084231998848,0,0,-1,4.02088972278852
1.5987001168,-0.001,0,0.0084012998832,0,0,-1,4.02088972278852
1.6206001184,-0.001,0,0.0083793998816,0,0,-1,4.02088972278851
1.64250012,-0.001,0,0.00835749988,0,0,-1,4.02088972278852
1.6644001216,-0.001,0,0.0083355998784,0,0,-1,4.02088972278851
1.6863001232,-0.001,0,0.0083136998768,0,0,-1,4.02088972278851
1.7082001248,-0.001,0,0.0082917998752,0,0,-1,4.02088972278852
1.7301001264,-0.001,0,0.0082698998736,0,0,-1,4.02088972278851
1.752000128,-0.001,0,0.008247999872,0,0,-1,4.02088972278851
1.7739001296,-0.001,0,0.0082260998704,0,0,-1,4.02096195599615
1.7958001312,-0.001,0,0.0082041998688,0,0,-1,4.02096195599615
1.8177001328,-0.001,0,0.0081822998672,0,0,-1,4.02096195599615
1.8396001344,-0.001,0,0.0081603998656,0,0,-1,4.02096195599615
1.861500136,-0.001,0,0.008138499864,0,0,-1,4.02096195599615
1.8834001376,-0.001,0,0.0081165998624,0,0,-1,4.02096195599615
1.9053001392,-0.001,0,0.0080946998608,0,0,-1,4.02096195599615
1.9272001408,-0.001,0,0.0080727998592,0,0,-1,4.02096195599615
1.9491001424,-0.001,0,0.0080508998576,0,0,-1,4.02096195599615
1.971000144,-0.001,0,0.008028999856,0,0,-1,4.02096195599615
1.9929001456,-0.001,0,0.0080070998544,0,0,-1,4.02096195599615
2.0148001472,-0.001,0,0.0079851998528,0,0,-1,4.02096195599615
2.0367001488,-0.001,0,0.0079632998512,0,0,-1,4.02096195599615
2.0586001504,-0.001,0,0.0079413998496,0,0,-1,4.02096195599615
2.080500152,-0.001,0,0.007919499848,0,0,-1,4.02096195599615
2.1024001536,-0.001,0,0.0078975998464,0,0,-1,4.02096195599615
2.1243001552,-0.001,0,0.0078756998448,0,0,-1,4.02096195599615
2.1462001568,-0.001,0,0.0078537998432,0,0,-1,4.02096195599615
2.1681001584,-0.001,0,0.0078318998416,0,0,-1,4.02096195599615
2.19000016,-0.001,0,0.00780999984,0,0,-1,4.02089087706297
2.2119001616,-0.001,0,0.0077880998384,0,0,-1,4.02089087706297
2.2338001632,-0.001,0,0.0077661998368,0,0,-1,4.02089087706297
2.2557001648,-0.001,0,0.0077442998352,0,0,-1,4.02089087706297
2.2776001664,-0.001,0,0.0077223998336,0,0,-1,4.02089087706297
2.299500168,-0.001,0,0.007700499832,0,0,-1,4.02089087706297
2.3214001696,-0.001,0,0.0076785998304,0,0,-1,4.02089087706297
2.3433001712,-0.001,0,0.0076566998288,0,0,-1,4.02089087706297
2.3652001728,-0.001,0,0.0076347998272,0,0,-1,4.02089087706297
2.3871001744,-0.001,0,0.0076128998256,0,0,-1,4.02089087706297
2.409000176,-0.001,0,0.007590999824,0,0,-1,4.02089087706297
2.4309001776,-0.001,0,0.0075690998224,0,0,-1,4.02089087706297
2.4528001792,-0.001,0,0.0075471998208,0,0,-1,4.02089087706297
2.4747001808,-0.001,0,0.0075252998192,0,0,-1,4.02089087706297
2.4966001824,-0.001,0,0.0075033998176,0,0,-1,4.02089087706297
2.518500184,-0.001,0,0.007481499816,0,0,-1,4.02089087706297
2.5404001856,-0.001,0,0.0074595998144,0,0,-1,4.02089087706297
2.5623001872,-0.001,0,0.0074376998128,0,0,-1,4.02089087706297
2.5842001888,-0.001,0,0.0074157998112,0,0,-1,4.02089087706297
2.6061001904,-0.001,0,0.0073938998096,0,0,-1,4.02089087706297
2.628000192,-0.001,0,0.007371999808,0,0,-1,4.02089087706297
2.6499001936,-0.001,0,0.0073500998064,0,0,-1,4.02089087706297
2.6718001952,-0.001,0,0.0073281998048,0,0,-1,4.02089087706297
2.6937001968,-0.001,0,0.0073062998032,0,0,-1,4.02089087706297
2.7156001984,-0.001,0,0.0072843998016,0,0,-1,4.02092274301035
2.7375002,-0.001,0,0.0072624998,0,0,-1,4.02089695848065
2.7594002016,-0.001,0,0.0072405997984,0,0,-1,4.02087117395095
2.7813002032,-0.001,0,0.0072186997968,0,0,-1,4.02084538942125
2.8032002048,-0.001,0,0.0071967997952,0,0,-1,4.02081960489155
2.8251002064,-0.001,0,0.0071748997936,0,0,-1,4.02079382036186
2.847000208,-0.001,0,0.007152999792,0,0,-1,4.02076803583216
2.8689002096,-0.001,0,0.0071310997904,0,0,-1,4.02074225130246
2.8908002112,-0.001,0,0.0071091997888,0,0,-1,4.02071646677276
2.9127002128,-0.001,0,0.0070872997872,0,0,-1,4.02069068224307
2.9346002144,-0.001,0,0.0070653997856,0,0,-1,4.02066489771337
2.956500216,-0.001,0,0.007043499784,0,0,-1,4.02063911318367
2.9784002176,-0.001,0,0.0070215997824,0,0,-1,4.02061332865397
3.0003002192,-0.001,0,0.0069996997808,0,0,-1,4.02058754412427
3.0222002208,-0.001,0,0.0069777997792,0,0,-1,4.02056175959458
3.0441002224,-0.001,0,0.0069558997776,0,0,-1,4.02053597506488
3.066000224,-0.001,0,0.006933999776,0,0,-1,4.02051019053518
3.0879002256,-0.001,0,0.0069120997744,0,0,-1,4.02048440600548
3.1098002272,-0.001,0,0.0068901997728,0,0,-1,4.02045862147579
3.1317002288,-0.001,0,0.0068682997712,0,0,-1,4.02043283694609
3.1536002304,-0.001,0,0.0068463997696,0,0,-1,4.02040705241639
3.175500232,-0.001,0,0.006824499768,0,0,-1,4.02002656877314
3.1974002336,-0.001,0,0.0068025997664,0,0,-1,4.01994549540489
3.2193002352,-0.001,0,0.0067806997648,0,0,-1,4.01986442203664
3.2412002368,-0.001,0,0.0067587997632,0,0,-1,4.01978334866839
3.2631002384,-0.001,0,0.0067368997616,0,0,-1,4.01970227530014
3.28500024,-0.001,0,0.00671499976,0,0,-1,4.01962120193189
3.3069002416,-0.001,0,0.0066930997584,0,0,-1,4.01954012856364
3.3288002432,-0.001,0,0.0066711997568,0,0,-1,4.01945905519539
3.3507002448,-0.001,0,0.0066492997552,0,0,-1,4.01937798182714
3.3726002464,-0.001,0,0.0066273997536,0,0,-1,4.0192969084589
3.394500248,-0.001,0,0.006605499752,0,0,-1,4.01921583509065
3.4164002496,-0.001,0,0.0065835997504,0,0,-1,4.0191347617224
3.4383002512,-0.001,0,0.0065616997488,0,0,-1,4.01905368835415
3.4602002528,-0.001,0,0.0065397997472,0,0,-1,4.0189726149859
3.4821002544,-0.001,0,0.0065178997456,0,0,-1,4.01889154161765
3.504000256,-0.001,0,0.006495999744,0,0,-1,4.0188104682494
3.5259002576,-0.001,0,0.0064740997424,0,0,-1,4.01966430015602
3.5478002592,-0.001,0,0.0064521997408,0,0,-1,4.01937957908156
3.5697002608,-0.001,0,0.0064302997392,0,0,-1,4.01909485800711
3.5916002624,-0.001,0,0.0064083997376,0,0,-1,4.01881013693265
3.613500264,-0.001,0,0.006386499736,0,0,-1,4.01852541585819
3.6354002656,-0.001,0,0.0063645997344,0,0,-1,4.01824069478374
3.6573002672,-0.001,0,0.0063426997328,0,0,-1,4.01795597370928
3.6792002688,-0.001,0,0.0063207997312,0,0,-1,4.01767125263483
3.7011002704,-0.001,0,0.0062988997296,0,0,-1,4.01738653156037
3.723000272,-0.001,0,0.006276999728,0,0,-1,4.01710181048592
3.7449002736,-0.001,0,0.0062550997264,0,0,-1,4.01681708941146
3.7668002752,-0.001,0,0.0062331997248,0,0,-1,4.01653236833701
3.7887002768,-0.001,0,0.0062112997232,0,0,-1,4.01624764726255
3.8106002784,-0.001,0,0.0061893997216,0,0,-1,4.0159629261881
3.83250028,-0.001,0,0.00616749972,0,0,-1,4.01567820511364
3.8544002816,-0.001,0,0.0061455997184,0,0,-1,4.01539348403919
3.8763002832,-0.001,0,0.0061236997168,0,0,-1,4.01510876296473
3.8982002848,-0.001,0,0.0061017997152,0,0,-1,4.01882435456378
3.9201002864,-0.001,0,0.0060798997136,0,0,-1,4.01717159587152
3.942000288,-0.001,0,0.006057999712,0,0,-1,4.01551883717927
3.9639002896,-0.001,0,0.0060360997104,0,0,-1,4.01386607848702
3.9858002912,-0.001,0,0.0060141997088,0,0,-1,4.01221331979477
4.0077002928,-0.001,0,0.0059922997072,0,0,-1,4.01056056110251
4.0296002944,-0.001,0,0.0059703997056,0,0,-1,4.00890780241026
4.051500296,-0.001,0,0.005948499704,0,0,-1,4.007255043718
4.0734002976,-0.001,0,0.0059265997024,0,0,-1,4.00560228502575
4.0953002992,-0.001,0,0.0059046997008,0,0,-1,4.0039495263335
4.1172003008,-0.001,0,0.0058827996992,0,0,-1,4.00229676764125
4.1391003024,-0.001,0,0.0058608996976,0,0,-1,4.00064400894899
4.161000304,-0.001,0,0.005838999696,0,0,-1,3.99899125025674
4.1829003056,-0.001,0,0.0058170996944,0,0,-1,3.99733849156449
4.2048003072,-0.001,0,0.0057951996928,0,0,-1,3.99568573287223
4.2267003088,-0.001,0,0.0057732996912,0,0,-1,3.99403297417998
4.2486003104,-0.001,0,0.0057513996896,0,0,-1,3.99238021548773
4.270500312,-0.001,0,0.005729499688,0,0,-1,3.99072745679547
4.2924003136,-0.001,0,0.0057075996864,0,0,-1,3.98907469810322
4.3143003152,-0.001,0,0.0056856996848,0,0,-1,3.98742193941097
4.3362003168,-0.001,0,0.0056637996832,0,0,-1,3.98576918071871
4.3581003184,-0.001,0,0.0056418996816,0,0,-1,3.98411642202646
4.38000032,-0.001,0,0.00561999968,0,0,-1,3.98884835694372
4.4019003216,-0.001,0,0.0055980996784,0,0,-1,3.98376653160352
4.4238003232,-0.001,0,0.0055761996768,0,0,-1,3.97868470626332
4.4457003248,-0.001,0,0.0055542996752,0,0,-1,3.97360288092312
4.4676003264,-0.001,0,0.0055323996736,0,0,-1,3.96852105558292
4.489500328,-0.001,0,0.005510499672,0,0,-1,3.96343923024273
4.5114003296,-0.001,0,0.0054885996704,0,0,-1,3.95835740490253
4.5333003312,-0.001,0,0.0054666996688,0,0,-1,3.95327557956233
4.5552003328,-0.001,0,0.0054447996672,0,0,-1,3.94819375422213
4.5771003344,-0.001,0,0.0054228996656,0,0,-1,3.94311192888193
4.599000336,-0.001,0,0.005400999664,0,0,-1,3.93803010354173
4.6209003376,-0.001,0,0.0053790996624,0,0,-1,3.93294827820154
4.6428003392,-0.001,0,0.0053571996608,0,0,-1,3.92786645286134
4.6647003408,-0.001,0,0.0053352996592,0,0,-1,3.92278462752114
4.6866003424,-0.001,0,0.0053133996576,0,0,-1,3.91770280218094
4.708500344,-0.001,0,0.005291499656,0,0,-1,3.91262097684074
4.7304003456,-0.001,0,0.0052695996544,0,0,-1,3.90753915150054
4.7523003472,-0.001,0,0.0052476996528,0,0,-1,3.90245732616035
4.7742003488,-0.001,0,0.0052257996512,0,0,-1,3.89737550082015
4.7961003504,-0.001,0,0.0052038996496,0,0,-1,3.88020481750895
4.818000352,-0.001,0,0.005181999648,0,0,-1,3.87247591276186
4.8399003536,-0.001,0,0.0051600996464,0,0,-1,3.86474700801476
4.8618003552,-0.001,0,0.0051381996448,0,0,-1,3.85701810326766
4.8837003568,-0.001,0,0.0051162996432,0,0,-1,3.84928919852056
4.9056003584,-0.001,0,0.0050943996416,0,0,-1,3.84156029377347
4.92750036,-0.001,0,0.00507249964,0,0,-1,3.83383138902637
4.9494003616,-0.001,0,0.0050505996384,0,0,-1,3.82610248427927
4.9713003632,-0.001,0,0.0050286996368,0,0,-1,3.81837357953217
4.9932003648,-0.001,0,0.0050067996352,0,0,-1,3.81064467478508
5.0151003664,-0.0009848996336,0,0.005,1,0,0,0.00503367615941089
5.037000368,-0.000962999632,0,0.005,1,0,0,0.0153563694652888
5.0589003696,-0.0009410996304,0,0.005,1,0,0,0.0256790627711667
5.0808003712,-0.000919199628799999,0,0.005,1,0,0,0.0360017560770451
5.1027003728,-0.0008972996272,0,0.005,1,0,0,0.046324449382923
5.1246003744,-0.0008753996256,0,0.005,1,0,0,0.0566471426888009
5.146500376,-0.000853499624,0,0.005,1,0,0,0.0669698359946788
5.1684003776,-0.000831599622400001,0,0.005,1,0,0,0.0772925293005567
5.1903003792,-0.0008096996208,0,0.005,1,0,0,0.0876152226064351
5.2122003808,-0.0007877996192,0,0.005,1,0,0,0.097937915912313
5.2341003824,-0.000765899617600001,0,0.005,1,0,0,0.108260609218191
5.256000384,-0.000743999616,0,0.005,1,0,0,0.118583302524069
5.2779003856,-0.0007220996144,0,0.005,1,0,0,0.12446047816372
5.2998003872,-0.000700199612800001,0,0.005,1,0,0,0.148100233826035
5.3217003888,-0.0006782996112,0,0.005,1,0,0,0.171739989488352
5.3436003904,-0.0006563996096,0,0.005,1,0,0,0.195379745150668
5.365500392,-0.000634499608,0,0.005,1,0,0,0.219019500812984
5.3874003936,-0.0006125996064,0,0.005,1,0,0,0.242659256475301
5.4093003952,-0.0005906996048,0,0.005,1,0,0,0.266299012137617
5.4312003968,-0.0005687996032,0,0.005,1,0,0,0.289938767799933
5.4531003984,-0.0005468996016,0,0.005,1,0,0,0.313578523462249
5.4750004,-0.0005249996,0,0.005,1,0,0,0.337218279124565
5.4969004016,-0.0005030995984,0,0.005,1,0,0,0.360858034786881
5.5188004032,-0.0004811995968,0,0.005,1,0,0,0.377883188865805
5.5407004048,-0.0004592995952,0,0.005,1,0,0,0.45431226679331
5.5626004064,-0.0004373995936,0,0.005,1,0,0,0.530741344720814
5.584500408,-0.000415499592,0,0.005,1,0,0,0.607170422648322
5.6064004096,-0.0003935995904,0,0.005,1,0,0,0.683599500575827
5.6283004112,-0.0003716995888,0,0.005,1,0,0,0.760028578503331
5.6502004128,-0.0003497995872,0,0.005,1,0,0,0.836457656430839
5.6721004144,-0.0003278995856,0,0.005,1,0,0,0.912886734358344
5.694000416,-0.000305999584,0,0.005,1,0,0,1.11829954704682
5.7159004176,-0.0002840995824,0,0.005,1,0,0,1.33954161473171
5.7378004192,-0.0002621995808,0,0.005,1,0,0,1.56078368241659
5.7597004208,-0.0002402995792,0,0.005,1,0,0,1.6695890475987
5.7816004224,-0.0002183995776,0,0.005,1,0,0,2.26171327238444
5.803500424,-0.000196499576,0,0.005,1,0,0,2.85383749717015
5.8254004256,-0.0001745995744,0,0.005,1,0,0,3.44596172195587
5.8473004272,-0.0001526995728,0,0.005,1,0,0,4.76854251428342
5.8692004288,-0.0001307995712,0,0.005,1,0,0,6.83036337964683
5.8911004304,-0.0001088995696,0,0.005,1,0,0,8.89218424501025
5.913000432,-8.69995679999995E-005,0,0.005,1,0,0,20.4694179497194
5.9349004336,-6.50995663999998E-005,0,0.005,1,0,0,43.020071894163
5.9568004352,-4.99992E-005,0,0.0049932003648,0,0,-1,99.720874481285
5.9787004368,-4.99992E-005,0,0.0049713003632,0,0,-1,91.7124223168671
6.0006004384,-4.99992E-005,0,0.0049494003616,0,0,-1,86.7051162935414
6.02250044,-4.99992E-005,0,0.00492750036,0,0,-1,87.8573578572846
6.0444004416,-4.99992E-005,0,0.0049056003584,0,0,-1,88.8217153786684
6.0663004432,-4.99992E-005,0,0.0048837003568,0,0,-1,89.4388987648634
6.0882004448,-4.99992E-005,0,0.0048618003552,0,0,-1,90.0560821510585
6.1101004464,-4.99992E-005,0,0.0048399003536,0,0,-1,90.6732655372535
6.132000448,-4.99992E-005,0,0.004818000352,0,0,-1,91.2904489234486
6.1539004496,-4.99992E-005,0,0.0047961003504,0,0,-1,91.5611253745957
6.1758004512,-4.99992E-005,0,0.0047742003488,0,0,-1,91.9354077452257
6.1977004528,-4.99992E-005,0,0.0047523003472,0,0,-1,92.3096901158559
6.2196004544,-4.99992E-005,0,0.0047304003456,0,0,-1,92.6002454977232
6.241500456,-4.99992E-005,0,0.004708500344,0,0,-1,92.8811816656062
6.2634004576,-4.99992E-005,0,0.0046866003424,0,0,-1,93.1621178334892
6.2853004592,-4.99992E-005,0,0.0046647003408,0,0,-1,93.4430540013721
6.3072004608,-4.99992E-005,0,0.0046428003392,0,0,-1,93.6148541735014
6.3291004624,-4.99992E-005,0,0.0046209003376,0,0,-1,93.7683368722489
6.351000464,-4.99992E-005,0,0.004599000336,0,0,-1,93.9218195709965
6.3729004656,-4.99992E-005,0,0.0045771003344,0,0,-1,94.1129641839003
6.3948004672,-4.99992E-005,0,0.0045552003328,0,0,-1,94.2368274144686
6.4167004688,-4.99992E-005,0,0.0045333003312,0,0,-1,94.3606906450368
6.4386004704,-4.99992E-005,0,0.0045114003296,0,0,-1,94.5114404139377
6.460500472,-4.99992E-005,0,0.004489500328,0,0,-1,94.6045616726808
6.4824004736,-4.99992E-005,0,0.0044676003264,0,0,-1,94.6976829314238
6.5043004752,-4.99992E-005,0,0.0044457003248,0,0,-1,94.7908041901669
6.5262004768,-4.99992E-005,0,0.0044238003232,0,0,-1,94.8839254489099
6.5481004784,-4.99992E-005,0,0.0044019003216,0,0,-1,94.9609247195952
6.57000048,-4.99992E-005,0,0.00438000032,0,0,-1,95.0256258539167
6.5919004816,-4.99992E-005,0,0.0043581003184,0,0,-1,95.0903269882382
6.6138004832,-4.99992E-005,0,0.0043362003168,0,0,-1,95.1550281225597
6.6357004848,-4.99992E-005,0,0.0043143003152,0,0,-1,95.2267820153553
6.6576004864,-4.99992E-005,0,0.0042924003136,0,0,-1,95.2665399553706
6.679500488,-4.99992E-005,0,0.004270500312,0,0,-1,95.3062978953859
6.7014004896,-4.99992E-005,0,0.0042486003104,0,0,-1,95.3460558354012
6.7233004912,-4.99992E-005,0,0.0042267003088,0,0,-1,95.3858137754165
6.7452004928,-4.99992E-005,0,0.0042048003072,0,0,-1,95.4255717154318
6.7671004944,-4.99992E-005,0,0.0041829003056,0,0,-1,95.4653296554472
6.789000496,-4.99992E-005,0,0.004161000304,0,0,-1,95.5050875954624
6.8109004976,-4.99992E-005,0,0.0041391003024,0,0,-1,95.577021224022
6.8328004992,-4.99992E-005,0,0.0041172003008,0,0,-1,95.5926530951513
6.8547005008,-4.99992E-005,0,0.0040953002992,0,0,-1,95.6082849662805
6.8766005024,-4.99992E-005,0,0.0040734002976,0,0,-1,95.6239168374098
6.898500504,-4.99992E-005,0,0.004051500296,0,0,-1,95.6395487085391
6.9204005056,-4.99992E-005,0,0.0040296002944,0,0,-1,95.6551805796683
6.9423005072,-4.99992E-005,0,0.0040077002928,0,0,-1,95.6708124507976
6.9642005088,-4.99992E-005,0,0.0039858002912,0,0,-1,95.6864443219268
6.9861005104,-4.99992E-005,0,0.0039639002896,0,0,-1,95.7020761930561
7.008000512,-4.99992E-005,0,0.003942000288,0,0,-1,95.7177080641853
7.0299005136,-4.99992E-005,0,0.0039201002864,0,0,-1,95.7333399353146
7.0518005152,-4.99992E-005,0,0.0038982002848,0,0,-1,95.7489718064438
7.0737005168,-4.99992E-005,0,0.0038763002832,0,0,-1,95.7646036775731
7.0956005184,-4.99992E-005,0,0.0038544002816,0,0,-1,95.7802355487024
7.11750052,-4.99992E-005,0,0.00383250028,0,0,-1,95.7958674198316
7.1394005216,-4.99992E-005,0,0.0038106002784,0,0,-1,95.8114992909609
7.1613005232,-4.99992E-005,0,0.0037887002768,0,0,-1,95.8271311620902
7.1832005248,-4.99992E-005,0,0.0037668002752,0,0,-1,95.8353059680962
7.2051005264,-4.99992E-005,0,0.0037449002736,0,0,-1,95.8399391257763
7.227000528,-4.99992E-005,0,0.003723000272,0,0,-1,95.8445722834564
7.2489005296,-4.99992E-005,0,0.0037011002704,0,0,-1,95.8492054411364
7.2708005312,-4.99992E-005,0,0.0036792002688,0,0,-1,95.8538385988165
7.2927005328,-4.99992E-005,0,0.0036573002672,0,0,-1,95.8584717564966
7.3146005344,-4.99992E-005,0,0.0036354002656,0,0,-1,95.8631049141766
7.336500536,-4.99992E-005,0,0.003613500264,0,0,-1,95.8677380718567
7.3584005376,-4.99992E-005,0,0.0035916002624,0,0,-1,95.8723712295367
7.3803005392,-4.99992E-005,0,0.0035697002608,0,0,-1,95.8770043872168
7.4022005408,-4.99992E-005,0,0.0035478002592,0,0,-1,95.8816375448969
7.4241005424,-4.99992E-005,0,0.0035259002576,0,0,-1,95.8862707025769
7.446000544,-4.99992E-005,0,0.003504000256,0,0,-1,95.890903860257
7.4679005456,-4.99992E-005,0,0.0034821002544,0,0,-1,95.8955370179371
7.4898005472,-4.99992E-005,0,0.0034602002528,0,0,-1,95.9001701756171
7.5117005488,-4.99992E-005,0,0.0034383002512,0,0,-1,95.9048033332972
7.5336005504,-4.99992E-005,0,0.0034164002496,0,0,-1,95.9103136707197
7.555500552,-4.99992E-005,0,0.003394500248,0,0,-1,95.911889391979
7.5774005536,-4.99992E-005,0,0.0033726002464,0,0,-1,95.9134651132383
7.5993005552,-4.99992E-005,0,0.0033507002448,0,0,-1,95.9150408344976
7.6212005568,-4.99992E-005,0,0.0033288002432,0,0,-1,95.9166165557569
7.6431005584,-4.99992E-005,0,0.0033069002416,0,0,-1,95.9181922770162
7.66500056,-4.99992E-005,0,0.00328500024,0,0,-1,95.9197679982755
7.6869005616,-4.99992E-005,0,0.0032631002384,0,0,-1,95.9213437195349
7.7088005632,-4.99992E-005,0,0.0032412002368,0,0,-1,95.9229194407941
7.7307005648,-4.99992E-005,0,0.0032193002352,0,0,-1,95.9244951620535
7.7526005664,-4.99992E-005,0,0.0031974002336,0,0,-1,95.9260708833128
7.774500568,-4.99992E-005,0,0.003175500232,0,0,-1,95.927646604572
7.7964005696,-4.99992E-005,0,0.0031536002304,0,0,-1,95.9292223258313
7.8183005712,-4.99992E-005,0,0.0031317002288,0,0,-1,95.9310282013223
7.8402005728,-4.99992E-005,0,0.0031098002272,0,0,-1,95.9317638916073
7.8621005744,-4.99992E-005,0,0.0030879002256,0,0,-1,95.9324995818922
7.884000576,-4.99992E-005,0,0.003066000224,0,0,-1,95.9332352721771
7.9059005776,-4.99992E-005,0,0.0030441002224,0,0,-1,95.9339709624621
7.9278005792,-4.99992E-005,0,0.0030222002208,0,0,-1,95.934706652747
7.9497005808,-4.99992E-005,0,0.0030003002192,0,0,-1,95.935442343032
7.9716005824,-4.99992E-005,0,0.0029784002176,0,0,-1,95.9361780333169
7.993500584,-4.99992E-005,0,0.002956500216,0,0,-1,95.9369137236018
8.0154005856,-4.99992E-005,0,0.0029346002144,0,0,-1,95.9376494138867
8.0373005872,-4.99992E-005,0,0.0029127002128,0,0,-1,95.9383851041716
8.0592005888,-4.99992E-005,0,0.0028908002112,0,0,-1,95.9391207944566
8.0811005904,-4.99992E-005,0,0.0028689002096,0,0,-1,95.9398564847415
8.103000592,-4.99992E-005,0,0.002847000208,0,0,-1,95.9405921750265
8.1249005936,-4.99992E-005,0,0.0028251002064,0,0,-1,95.9406512627448
8.1468005952,-4.99992E-005,0,0.0028032002048,0,0,-1,95.9409455926914
8.1687005968,-4.99992E-005,0,0.0027813002032,0,0,-1,95.941239922638
8.1906005984,-4.99992E-005,0,0.0027594002016,0,0,-1,95.9415342525846
8.2125006,-4.99992E-005,0,0.0027375002,0,0,-1,95.9418285825312
8.2344006016,-4.99992E-005,0,0.0027156001984,0,0,-1,95.9421229124778
8.2563006032,-4.99992E-005,0,0.0026937001968,0,0,-1,95.9424172424245
8.2782006048,-4.99992E-005,0,0.0026718001952,0,0,-1,95.9427115723711
8.3001006064,-4.99992E-005,0,0.0026499001936,0,0,-1,95.9430059023177
8.322000608,-4.99992E-005,0,0.002628000192,0,0,-1,95.9433002322643
8.3439006096,-4.99992E-005,0,0.0026061001904,0,0,-1,95.9435945622109
8.3658006112,-4.99992E-005,0,0.0025842001888,0,0,-1,95.9438888921575
8.3877006128,-4.99992E-005,0,0.0025623001872,0,0,-1,95.9441832221041
8.4096006144,-4.99992E-005,0,0.0025404001856,0,0,-1,95.9444775520507
8.431500616,-4.99992E-005,0,0.002518500184,0,0,-1,95.944939939387
8.4534006176,-4.99992E-005,0,0.0024966001824,0,0,-1,95.9450205160423
8.4753006192,-4.99992E-005,0,0.0024747001808,0,0,-1,95.9451010926977
8.4972006208,-4.99992E-005,0,0.0024528001792,0,0,-1,95.9451816693529
8.5191006224,-4.99992E-005,0,0.0024309001776,0,0,-1,95.9452622460082
8.541000624,-4.99992E-005,0,0.002409000176,0,0,-1,95.9453428226636
8.5629006256,-4.99992E-005,0,0.0023871001744,0,0,-1,95.9454233993189
8.5848006272,-4.99992E-005,0,0.0023652001728,0,0,-1,95.9455039759741
8.6067006288,-4.99992E-005,0,0.0023433001712,0,0,-1,95.9455845526295
8.6286006304,-4.99992E-005,0,0.0023214001696,0,0,-1,95.9456651292848
8.650500632,-4.99992E-005,0,0.002299500168,0,0,-1,95.9457457059401
8.6724006336,-4.99992E-005,0,0.0022776001664,0,0,-1,95.9458262825953
8.6943006352,-4.99992E-005,0,0.0022557001648,0,0,-1,95.9459068592507
8.7162006368,-4.99992E-005,0,0.0022338001632,0,0,-1,95.945987435906
8.7381006384,-4.99992E-005,0,0.0022119001616,0,0,-1,95.9460680125613
8.76000064,-4.99992E-005,0,0.00219000016,0,0,-1,95.9461485892166
8.7819006416,-4.99992E-005,0,0.0021681001584,0,0,-1,95.9462291658719
8.8038006432,-4.99992E-005,0,0.0021462001568,0,0,-1,95.9465901056925
8.8257006448,-4.99992E-005,0,0.0021243001552,0,0,-1,95.9465901056926
8.8476006464,-4.99992E-005,0,0.0021024001536,0,0,-1,95.9465901056926
8.869500648,-4.99992E-005,0,0.002080500152,0,0,-1,95.9465901056926
8.8914006496,-4.99992E-005,0,0.0020586001504,0,0,-1,95.9465901056925
8.9133006512,-4.99992E-005,0,0.0020367001488,0,0,-1,95.9465901056926
8.9352006528,-4.99992E-005,0,0.0020148001472,0,0,-1,95.9465901056925
8.9571006544,-4.99992E-005,0,0.0019929001456,0,0,-1,95.9465901056925
8.979000656,-4.99992E-005,0,0.001971000144,0,0,-1,95.9465901056925
9.0009006576,-4.99992E-005,0,0.0019491001424,0,0,-1,95.9465901056926
9.0228006592,-4.99992E-005,0,0.0019272001408,0,0,-1,95.9465901056926
9.0447006608,-4.99992E-005,0,0.0019053001392,0,0,-1,95.9465901056926
9.0666006624,-4.99992E-005,0,0.0018834001376,0,0,-1,95.9465901056926
9.088500664,-4.99992E-005,0,0.001861500136,0,0,-1,95.9465901056926
9.1104006656,-4.99992E-005,0,0.0018396001344,0,0,-1,95.9465901056926
9.1323006672,-4.99992E-005,0,0.0018177001328,0,0,-1,95.9465901056926
9.1542006688,-4.99992E-005,0,0.0017958001312,0,0,-1,95.946921242608
9.1761006704,-4.99992E-005,0,0.0017739001296,0,0,-1,95.946921242608
9.198000672,-4.99992E-005,0,0.001752000128,0,0,-1,95.946921242608
9.2199006736,-4.99992E-005,0,0.0017301001264,0,0,-1,95.946921242608
9.2418006752,-4.99992E-005,0,0.0017082001248,0,0,-1,95.946921242608
9.2637006768,-4.99992E-005,0,0.0016863001232,0,0,-1,95.946921242608
9.2856006784,-4.99992E-005,0,0.0016644001216,0,0,-1,95.946921242608
9.30750068,-4.99992E-005,0,0.00164250012,0,0,-1,95.946921242608
9.3294006816,-4.99992E-005,0,0.0016206001184,0,0,-1,95.946921242608
9.3513006832,-4.99992E-005,0,0.0015987001168,0,0,-1,95.946921242608
9.3732006848,-4.99992E-005,0,0.0015768001152,0,0,-1,95.946921242608
9.3951006864,-4.99992E-005,0,0.0015549001136,0,0,-1,95.946921242608
9.417000688,-4.99992E-005,0,0.001533000112,0,0,-1,95.946921242608
9.4389006896,-4.99992E-005,0,0.0015111001104,0,0,-1,95.946921242608
9.4608006912,-4.99992E-005,0,0.0014892001088,0,0,-1,95.946921242608
9.4827006928,-4.99992E-005,0,0.0014673001072,0,0,-1,95.946921242608
9.5046006944,-4.99992E-005,0,0.0014454001056,0,0,-1,95.946921242608
9.526500696,-4.99992E-005,0,0.001423500104,0,0,-1,95.9473875939552
9.5484006976,-4.99992E-005,0,0.0014016001024,0,0,-1,95.9473473056275
9.5703006992,-4.99992E-005,0,0.0013797001008,0,0,-1,95.9473070172998
9.5922007008,-4.99992E-005,0,0.0013578000992,0,0,-1,95.9472667289722
9.6141007024,-4.99992E-005,0,0.0013359000976,0,0,-1,95.9472264406446
9.636000704,-4.99992E-005,0,0.001314000096,0,0,-1,95.9471861523169
9.6579007056,-4.99992E-005,0,0.0012921000944,0,0,-1,95.9471458639892
9.6798007072,-4.99992E-005,0,0.0012702000928,0,0,-1,95.9471055756616
9.7017007088,-4.99992E-005,0,0.0012483000912,0,0,-1,95.9470652873339
9.7236007104,-4.99992E-005,0,0.0012264000896,0,0,-1,95.9470249990063
9.745500712,-4.99992E-005,0,0.001204500088,0,0,-1,95.9469847106787
9.7674007136,-4.99992E-005,0,0.0011826000864,0,0,-1,95.946944422351
9.7893007152,-4.99992E-005,0,0.0011607000848,0,0,-1,95.9469041340234
9.8112007168,-4.99992E-005,0,0.0011388000832,0,0,-1,95.9468638456957
9.8331007184,-4.99992E-005,0,0.0011169000816,0,0,-1,95.946823557368
9.85500072,-4.99992E-005,0,0.00109500008,0,0,-1,95.9467832690404
9.8769007216,-4.99992E-005,0,0.0010731000784,0,0,-1,95.9474052545439
9.8988007232,-4.99992E-005,0,0.0010512000768,0,0,-1,95.9473649662162
9.9207007248,-4.99992E-005,0,0.0010293000752,0,0,-1,95.9473246778886
9.9426007264,-4.99992E-005,0,0.0010074000736,0,0,-1,95.9472843895609
9.964500728,-4.99992E-005,0,0.000985500071999999,0,0,-1,95.9472441012333
9.9864007296,-4.99992E-005,0,0.0009636000704,0,0,-1,95.9472038129056
10.0083007312,-4.99992E-005,0,0.0009417000688,0,0,-1,95.9471635245779
10.0302007328,-4.99992E-005,0,0.000919800067199999,0,0,-1,95.9471232362503
10.0521007344,-4.99992E-005,0,0.0008979000656,0,0,-1,95.9470829479227
10.074000736,-4.99992E-005,0,0.000876000064,0,0,-1,95.947042659595
10.0959007376,-4.99992E-005,0,0.000854100062399999,0,0,-1,95.9470023712673
10.1178007392,-4.99992E-005,0,0.0008322000608,0,0,-1,95.9469620829397
10.1397007408,-4.99992E-005,0,0.000810300059199999,0,0,-1,95.946921794612
10.1616007424,-4.99992E-005,0,0.000788400057599999,0,0,-1,95.9468815062844
10.183500744,-4.99992E-005,0,0.000766500056,0,0,-1,95.9468412179567
10.2054007456,-4.99992E-005,0,0.000744600054399999,0,0,-1,95.946800929629
10.2273007472,-4.99992E-005,0,0.000722700052799999,0,0,-1,95.9467606413014
10.2492007488,-4.99992E-005,0,0.0007008000512,0,0,-1,95.9473826268041
10.2711007504,-4.99992E-005,0,0.000678900049600001,0,0,-1,95.9473423384764
10.293000752,-4.99992E-005,0,0.000657000048,0,0,-1,95.9473020501487
10.3149007536,-4.99992E-005,0,0.0006351000464,0,0,-1,95.947261761821
10.3368007552,-4.99992E-005,0,0.000613200044800001,0,0,-1,95.9472214734934
10.3587007568,-4.99992E-005,0,0.0005913000432,0,0,-1,95.9471811851658
10.3806007584,-4.99992E-005,0,0.0005694000416,0,0,-1,95.9471408968382
10.40250076,-4.99992E-005,0,0.000547500040000001,0,0,-1,95.9471006085105
10.4244007616,-4.99992E-005,0,0.0005256000384,0,0,-1,95.9470603201828
10.4463007632,-4.99992E-005,0,0.0005037000368,0,0,-1,95.9470200318551
10.4682007648,-4.99992E-005,0,0.000481800035200001,0,0,-1,95.9469797435275
10.4901007664,-4.99992E-005,0,0.0004599000336,0,0,-1,95.9469394551998
10.512000768,-4.99992E-005,0,0.000438000032,0,0,-1,95.9468991668722
10.5339007696,-4.99992E-005,0,0.000416100030400001,0,0,-1,95.9468588785446
10.5558007712,-4.99992E-005,0,0.0003942000288,0,0,-1,95.9468185902169
10.5777007728,-4.99992E-005,0,0.0003723000272,0,0,-1,95.9467783018893
10.5996007744,-4.99992E-005,0,0.000350400025600001,0,0,-1,95.9471420005517
10.621500776,-4.99992E-005,0,0.000328500024,0,0,-1,95.9471420005518
10.6434007776,-4.99992E-005,0,0.0003066000224,0,0,-1,95.9471420005517
10.6653007792,-4.99992E-005,0,0.000284700020800001,0,0,-1,95.9471420005517
10.6872007808,-4.99992E-005,0,0.0002628000192,0,0,-1,95.9471420005517
10.7091007824,-4.99992E-005,0,0.0002409000176,0,0,-1,95.9471420005517
10.731000784,-4.99992E-005,0,0.000219000016000001,0,0,-1,95.9471420005517
10.7529007856,-4.99992E-005,0,0.0001971000144,0,0,-1,95.9471420005517
10.7748007872,-4.99992E-005,0,0.0001752000128,0,0,-1,95.9471420005518
10.7967007888,-4.99992E-005,0,0.000153300011200001,0,0,-1,95.9471420005517
10.8186007904,-4.99992E-005,0,0.0001314000096,0,0,-1,95.9471420005517
10.840500792,-4.99992E-005,0,0.000109500008,0,0,-1,95.9471420005517
10.8624007936,-4.99992E-005,0,8.76000064000006E-005,0,0,-1,95.9471962218011
10.8843007952,-4.99992E-005,0,6.57000048E-005,0,0,-1,95.9471962218011
10.9062007968,-4.99992E-005,0,4.38000031999994E-005,0,0,-1,95.9471962218011
10.9281007984,-4.99992E-005,0,2.19000016000006E-005,0,0,-1,95.9471962218011
10.9500008,-4.99992E-005,0,1.35525271560688E-020,0,0,-1,95.9471962218011
10.9719008016,-4.99992E-005,0,-2.19000016000006E-005,0,0,-1,95.9471962218011
10.9938008032,-4.99992E-005,0,-4.38000031999994E-005,0,0,-1,95.9471962218011
11.0157008048,-4.99992E-005,0,-6.57000048E-005,0,0,-1,95.9471962218011
11.0376008064,-4.99992E-005,0,-8.76000064000006E-005,0,0,-1,95.9471962218011
11.059500808,-4.99992E-005,0,-0.000109500007999999,0,0,-1,95.9471962218011
11.0814008096,-4.99992E-005,0,-0.0001314000096,0,0,-1,95.9471962218011
11.1033008112,-4.99992E-005,0,-0.000153300011200001,0,0,-1,95.9471907483629
11.1252008128,-4.99992E-005,0,-0.0001752000128,0,0,-1,95.9471907483629
11.1471008144,-4.99992E-005,0,-0.0001971000144,0,0,-1,95.9471907483629
11.169000816,-4.99992E-005,0,-0.000219000016000001,0,0,-1,95.9471907483629
11.1909008176,-4.99992E-005,0,-0.0002409000176,0,0,-1,95.9471907483629
11.2128008192,-4.99992E-005,0,-0.0002628000192,0,0,-1,95.9471907483629
11.2347008208,-4.99992E-005,0,-0.000284700020800001,0,0,-1,95.9471907483629
11.2566008224,-4.99992E-005,0,-0.0003066000224,0,0,-1,95.9471907483629
11.278500824,-4.99992E-005,0,-0.000328500024,0,0,-1,95.9471907483629
11.3004008256,-4.99992E-005,0,-0.000350400025600001,0,0,-1,95.9471907483629
11.3223008272,-4.99992E-005,0,-0.0003723000272,0,0,-1,95.9471907483629
11.3442008288,-4.99992E-005,0,-0.0003942000288,0,0,-1,95.9470226330642
11.3661008304,-4.99992E-005,0,-0.000416100030400001,0,0,-1,95.9470226330642
11.388000832,-4.99992E-005,0,-0.000438000032,0,0,-1,95.9470226330642
11.4099008336,-4.99992E-005,0,-0.0004599000336,0,0,-1,95.9470226330642
11.4318008352,-4.99992E-005,0,-0.000481800035200001,0,0,-1,95.9470226330642
11.4537008368,-4.99992E-005,0,-0.0005037000368,0,0,-1,95.9470226330642
11.4756008384,-4.99992E-005,0,-0.0005256000384,0,0,-1,95.9470226330642
11.49750084,-4.99992E-005,0,-0.000547500040000001,0,0,-1,95.9470226330642
11.5194008416,-4.99992E-005,0,-0.0005694000416,0,0,-1,95.9470226330642
11.5413008432,-4.99992E-005,0,-0.0005913000432,0,0,-1,95.9472496493014
11.5632008448,-4.99992E-005,0,-0.000613200044800001,0,0,-1,95.9472496493014
11.5851008464,-4.99992E-005,0,-0.0006351000464,0,0,-1,95.9472496493015
11.607000848,-4.99992E-005,0,-0.000657000048,0,0,-1,95.9472496493014
11.6289008496,-4.99992E-005,0,-0.000678900049600001,0,0,-1,95.9472496493014
11.6508008512,-4.99992E-005,0,-0.0007008000512,0,0,-1,95.9472496493014
11.6727008528,-4.99992E-005,0,-0.000722700052800001,0,0,-1,95.9472496493014
11.6946008544,-4.99992E-005,0,-0.000744600054400001,0,0,-1,95.9473334955784
11.716500856,-4.99992E-005,0,-0.000766500056,0,0,-1,95.9472334545548
11.7384008576,-4.99992E-005,0,-0.0007884000576,0,0,-1,95.9471334135312
11.7603008592,-4.99992E-005,0,-0.000810300059200001,0,0,-1,95.9470333725077
11.7822008608,-4.99992E-005,0,-0.0008322000608,0,0,-1,95.9469333314841
11.8041008624,-4.99992E-005,0,-0.000854100062400001,0,0,-1,95.9468332904605
11.826000864,-4.99992E-005,0,-0.000876000064000001,0,0,-1,95.946733249437
11.8479008656,-4.99992E-005,0,-0.0008979000656,0,0,-1,95.9466332084134
11.8698008672,-4.99992E-005,0,-0.000919800067200001,0,0,-1,95.9471420005512
11.8917008688,-4.99992E-005,0,-0.000941700068800001,0,0,-1,95.9471420005512
11.9136008704,-4.99992E-005,0,-0.0009636000704,0,0,-1,95.9471420005512
11.935500872,-4.99992E-005,0,-0.000985500072000001,0,0,-1,95.9471420005512
11.9574008736,-4.99992E-005,0,-0.0010074000736,0,0,-1,95.9471420005512
11.9793008752,-4.99992E-005,0,-0.0010293000752,0,0,-1,95.9471420005512
12.0012008768,-4.99992E-005,0,-0.0010512000768,0,0,-1,95.9471420005512
12.0231008784,-4.99992E-005,0,-0.0010731000784,0,0,-1,95.9471420005512
12.04500088,-4.99992E-005,0,-0.00109500008,0,0,-1,95.9471420005512
12.0669008816,-4.99992E-005,0,-0.0011169000816,0,0,-1,95.9471420005512
12.0888008832,-4.99992E-005,0,-0.0011388000832,0,0,-1,95.9471420005512
12.1107008848,-4.99992E-005,0,-0.0011607000848,0,0,-1,95.9471420005512
12.1326008864,-4.99992E-005,0,-0.0011826000864,0,0,-1,95.9470215871278
12.154500888,-4.99992E-005,0,-0.001204500088,0,0,-1,95.9470215871278
12.1764008896,-4.99992E-005,0,-0.0012264000896,0,0,-1,95.9470215871278
12.1983008912,-4.99992E-005,0,-0.0012483000912,0,0,-1,95.9470215871278
12.2202008928,-4.99992E-005,0,-0.0012702000928,0,0,-1,95.9470215871278
12.2421008944,-4.99992E-005,0,-0.0012921000944,0,0,-1,95.9470215871277
12.264000896,-4.99992E-005,0,-0.001314000096,0,0,-1,95.9470215871278
12.2859008976,-4.99992E-005,0,-0.0013359000976,0,0,-1,95.9470215871278
12.3078008992,-4.99992E-005,0,-0.0013578000992,0,0,-1,95.9471745956843
12.3297009008,-4.99992E-005,0,-0.0013797001008,0,0,-1,95.9471745956843
12.3516009024,-4.99992E-005,0,-0.0014016001024,0,0,-1,95.9471745956843
12.373500904,-4.99992E-005,0,-0.001423500104,0,0,-1,95.9471745956843
12.3954009056,-4.99992E-005,0,-0.0014454001056,0,0,-1,95.9471745956843
12.4173009072,-4.99992E-005,0,-0.0014673001072,0,0,-1,95.9471745956842
12.4392009088,-4.99992E-005,0,-0.0014892001088,0,0,-1,95.9471745956843
12.4611009104,-4.99992E-005,0,-0.0015111001104,0,0,-1,95.9471745956843
12.483000912,-4.99992E-005,0,-0.001533000112,0,0,-1,95.9471745956843
12.5049009136,-4.99992E-005,0,-0.0015549001136,0,0,-1,95.9471745956843
12.5268009152,-4.99992E-005,0,-0.0015768001152,0,0,-1,95.9469203058698
12.5487009168,-4.99992E-005,0,-0.0015987001168,0,0,-1,95.9469203058699
12.5706009184,-4.99992E-005,0,-0.0016206001184,0,0,-1,95.9469203058698
12.59250092,-4.99992E-005,0,-0.00164250012,0,0,-1,95.9469203058699
12.6144009216,-4.99992E-005,0,-0.0016644001216,0,0,-1,95.9469203058699
12.6363009232,-4.99992E-005,0,-0.0016863001232,0,0,-1,95.9469203058699
12.6582009248,-4.99992E-005,0,-0.0017082001248,0,0,-1,95.9469203058698
12.6801009264,-4.99992E-005,0,-0.0017301001264,0,0,-1,95.9469203058699
12.702000928,-4.99992E-005,0,-0.001752000128,0,0,-1,95.9469203058698
12.7239009296,-4.99992E-005,0,-0.0017739001296,0,0,-1,95.9469203058699
12.7458009312,-4.99992E-005,0,-0.0017958001312,0,0,-1,95.9469203058699
12.7677009328,-4.99992E-005,0,-0.0018177001328,0,0,-1,95.9465744979653
12.7896009344,-4.99992E-005,0,-0.0018396001344,0,0,-1,95.9465744979653
12.811500936,-4.99992E-005,0,-0.001861500136,0,0,-1,95.9465744979653
12.8334009376,-4.99992E-005,0,-0.0018834001376,0,0,-1,95.9465744979653
12.8553009392,-4.99992E-005,0,-0.0019053001392,0,0,-1,95.9465744979653
12.8772009408,-4.99992E-005,0,-0.0019272001408,0,0,-1,95.9465744979653
12.8991009424,-4.99992E-005,0,-0.0019491001424,0,0,-1,95.9465744979653
12.921000944,-4.99992E-005,0,-0.001971000144,0,0,-1,95.9465744979653
12.9429009456,-4.99992E-005,0,-0.0019929001456,0,0,-1,95.9465744979653
12.9648009472,-4.99992E-005,0,-0.0020148001472,0,0,-1,95.9465744979653
12.9867009488,-4.99992E-005,0,-0.0020367001488,0,0,-1,95.9465744979653
13.0086009504,-4.99992E-005,0,-0.0020586001504,0,0,-1,95.9465744979653
13.030500952,-4.99992E-005,0,-0.002080500152,0,0,-1,95.9465744979653
13.0524009536,-4.99992E-005,0,-0.0021024001536,0,0,-1,95.9464961369657
13.0743009552,-4.99992E-005,0,-0.0021243001552,0,0,-1,95.9464455213968
13.0962009568,-4.99992E-005,0,-0.0021462001568,0,0,-1,95.946394905828
13.1181009584,-4.99992E-005,0,-0.0021681001584,0,0,-1,95.9463442902591
13.14000096,-4.99992E-005,0,-0.00219000016,0,0,-1,95.9462936746903
13.1619009616,-4.99992E-005,0,-0.0022119001616,0,0,-1,95.9462430591214
13.1838009632,-4.99992E-005,0,-0.0022338001632,0,0,-1,95.9461924435526
13.2057009648,-4.99992E-005,0,-0.0022557001648,0,0,-1,95.9461418279838
13.2276009664,-4.99992E-005,0,-0.0022776001664,0,0,-1,95.9460912124149
13.249500968,-4.99992E-005,0,-0.002299500168,0,0,-1,95.946040596846
13.2714009696,-4.99992E-005,0,-0.0023214001696,0,0,-1,95.9458428163562
13.2933009712,-4.99992E-005,0,-0.0023433001712,0,0,-1,95.9457163650043
13.3152009728,-4.99992E-005,0,-0.0023652001728,0,0,-1,95.9455899136523
13.3371009744,-4.99992E-005,0,-0.0023871001744,0,0,-1,95.9454634623004
13.359000976,-4.99992E-005,0,-0.002409000176,0,0,-1,95.9453370109485
13.3809009776,-4.99992E-005,0,-0.0024309001776,0,0,-1,95.9452105595966
13.4028009792,-4.99992E-005,0,-0.0024528001792,0,0,-1,95.9450841082447
13.4247009808,-4.99992E-005,0,-0.0024747001808,0,0,-1,95.9449576568927
13.4466009824,-4.99992E-005,0,-0.0024966001824,0,0,-1,95.9448312055408
13.468500984,-4.99992E-005,0,-0.002518500184,0,0,-1,95.9447047541889
13.4904009856,-4.99992E-005,0,-0.0025404001856,0,0,-1,95.9442124525885
13.5123009872,-4.99992E-005,0,-0.0025623001872,0,0,-1,95.944006176351
13.5342009888,-4.99992E-005,0,-0.0025842001888,0,0,-1,95.9437999001134
13.5561009904,-4.99992E-005,0,-0.0026061001904,0,0,-1,95.9435936238758
13.578000992,-4.99992E-005,0,-0.002628000192,0,0,-1,95.9433873476382
13.5999009936,-4.99992E-005,0,-0.0026499001936,0,0,-1,95.9431810714007
13.6218009952,-4.99992E-005,0,-0.0026718001952,0,0,-1,95.942974795163
13.6437009968,-4.99992E-005,0,-0.0026937001968,0,0,-1,95.9427685189255
13.6656009984,-4.99992E-005,0,-0.0027156001984,0,0,-1,95.9425622426879
13.687501,-4.99992E-005,0,-0.0027375002,0,0,-1,95.9423559664503
13.7094010016,-4.99992E-005,0,-0.0027594002016,0,0,-1,95.9426402455372
13.7313010032,-4.99992E-005,0,-0.0027813002032,0,0,-1,95.9421008752731
13.7532010048,-4.99992E-005,0,-0.0028032002048,0,0,-1,95.941561505009
13.7751010064,-4.99992E-005,0,-0.0028251002064,0,0,-1,95.9410221347449
13.797001008,-4.99992E-005,0,-0.002847000208,0,0,-1,95.9404827644808
13.8189010096,-4.99992E-005,0,-0.0028689002096,0,0,-1,95.9399433942167
13.8408010112,-4.99992E-005,0,-0.0028908002112,0,0,-1,95.9394040239526
13.8627010128,-4.99992E-005,0,-0.0029127002128,0,0,-1,95.9388646536886
13.8846010144,-4.99992E-005,0,-0.0029346002144,0,0,-1,95.9383252834245
13.906501016,-4.99992E-005,0,-0.002956500216,0,0,-1,95.9377859131604
13.9284010176,-4.99992E-005,0,-0.0029784002176,0,0,-1,95.9372465428963
13.9503010192,-4.99992E-005,0,-0.0030003002192,0,0,-1,95.9367071726323
13.9722010208,-4.99992E-005,0,-0.0030222002208,0,0,-1,95.9361678023681
13.9941010224,-4.99992E-005,0,-0.0030441002224,0,0,-1,95.9356284321041
14.016001024,-4.99992E-005,0,-0.003066000224,0,0,-1,95.9362972500883
14.0379010256,-4.99992E-005,0,-0.0030879002256,0,0,-1,95.9346857169822
14.0598010272,-4.99992E-005,0,-0.0031098002272,0,0,-1,95.9330741838761
14.0817010288,-4.99992E-005,0,-0.0031317002288,0,0,-1,95.93146265077
14.1036010304,-4.99992E-005,0,-0.0031536002304,0,0,-1,95.9298511176639
14.125501032,-4.99992E-005,0,-0.003175500232,0,0,-1,95.9282395845578
14.1474010336,-4.99992E-005,0,-0.0031974002336,0,0,-1,95.9266280514517
14.1693010352,-4.99992E-005,0,-0.0032193002352,0,0,-1,95.9250165183456
14.1912010368,-4.99992E-005,0,-0.0032412002368,0,0,-1,95.9234049852395
14.2131010384,-4.99992E-005,0,-0.0032631002384,0,0,-1,95.9217934521334
14.23500104,-4.99992E-005,0,-0.00328500024,0,0,-1,95.9201819190272
14.2569010416,-4.99992E-005,0,-0.0033069002416,0,0,-1,95.9185703859211
14.2788010432,-4.99992E-005,0,-0.0033288002432,0,0,-1,95.9169588528151
14.3007010448,-4.99992E-005,0,-0.0033507002448,0,0,-1,95.9153473197089
14.3226010464,-4.99992E-005,0,-0.0033726002464,0,0,-1,95.9137357866028
14.344501048,-4.99992E-005,0,-0.003394500248,0,0,-1,95.9121242534967
14.3664010496,-4.99992E-005,0,-0.0034164002496,0,0,-1,95.9105127203906
14.3883010512,-4.99992E-005,0,-0.0034383002512,0,0,-1,95.9118623145301
14.4102010528,-4.99992E-005,0,-0.0034602002528,0,0,-1,95.907845971908
14.4321010544,-4.99992E-005,0,-0.0034821002544,0,0,-1,95.903829629286
14.454001056,-4.99992E-005,0,-0.003504000256,0,0,-1,95.8998132866638
14.4759010576,-4.99992E-005,0,-0.0035259002576,0,0,-1,95.8957969440417
14.4978010592,-4.99992E-005,0,-0.0035478002592,0,0,-1,95.8917806014196
14.5197010608,-4.99992E-005,0,-0.0035697002608,0,0,-1,95.8877642587975
14.5416010624,-4.99992E-005,0,-0.0035916002624,0,0,-1,95.8837479161754
14.563501064,-4.99992E-005,0,-0.003613500264,0,0,-1,95.8797315735533
14.5854010656,-4.99992E-005,0,-0.0036354002656,0,0,-1,95.8757152309312
14.6073010672,-4.99992E-005,0,-0.0036573002672,0,0,-1,95.8716988883091
14.6292010688,-4.99992E-005,0,-0.0036792002688,0,0,-1,95.8532147917277
14.6511010704,-4.99992E-005,0,-0.0037011002704,0,0,-1,95.8451540514208
14.673001072,-4.99992E-005,0,-0.003723000272,0,0,-1,95.8370933111139
14.6949010736,-4.99992E-005,0,-0.0037449002736,0,0,-1,95.829032570807
14.7168010752,-4.99992E-005,0,-0.0037668002752,0,0,-1,95.8209718305001
14.7387010768,-4.99992E-005,0,-0.0037887002768,0,0,-1,95.8129110901932
14.7606010784,-4.99992E-005,0,-0.0038106002784,0,0,-1,95.8048503498863
14.78250108,-4.99992E-005,0,-0.00383250028,0,0,-1,95.7967896095793
14.8044010816,-4.99992E-005,0,-0.0038544002816,0,0,-1,95.7887288692724
14.8263010832,-4.99992E-005,0,-0.0038763002832,0,0,-1,95.7806681289655
14.8482010848,-4.99992E-005,0,-0.0038982002848,0,0,-1,95.7726073886586
14.8701010864,-4.99992E-005,0,-0.0039201002864,0,0,-1,95.7645466483517
14.892001088,-4.99992E-005,0,-0.003942000288,0,0,-1,95.7734134242465
14.9139010896,-4.99992E-005,0,-0.0039639002896,0,0,-1,95.7484469833005
14.9358010912,-4.99992E-005,0,-0.0039858002912,0,0,-1,95.7234805423546
14.9577010928,-4.99992E-005,0,-0.0040077002928,0,0,-1,95.6985141014085
14.9796010944,-4.99992E-005,0,-0.0040296002944,0,0,-1,95.6735476604626
15.001501096,-4.99992E-005,0,-0.004051500296,0,0,-1,95.6485812195166
15.0234010976,-4.99992E-005,0,-0.0040734002976,0,0,-1,95.6236147785706
15.0453010992,-4.99992E-005,0,-0.0040953002992,0,0,-1,95.5986483376247
15.0672011008,-4.99992E-005,0,-0.0041172003008,0,0,-1,95.5736818966787
15.0891011024,-4.99992E-005,0,-0.0041391003024,0,0,-1,95.5487154557327
15.111001104,-4.99992E-005,0,-0.004161000304,0,0,-1,95.5237490147868
15.1329011056,-4.99992E-005,0,-0.0041829003056,0,0,-1,95.4987825738407
15.1548011072,-4.99992E-005,0,-0.0042048003072,0,0,-1,95.4738161328948
15.1767011088,-4.99992E-005,0,-0.0042267003088,0,0,-1,95.4488496919488
15.1986011104,-4.99992E-005,0,-0.0042486003104,0,0,-1,95.4226842508976
15.220501112,-4.99992E-005,0,-0.004270500312,0,0,-1,95.3632984423779
15.2424011136,-4.99992E-005,0,-0.0042924003136,0,0,-1,95.3039126338582
15.2643011152,-4.99992E-005,0,-0.0043143003152,0,0,-1,95.2445268253384
15.2862011168,-4.99992E-005,0,-0.0043362003168,0,0,-1,95.1851410168187
15.3081011184,-4.99992E-005,0,-0.0043581003184,0,0,-1,95.125755208299
15.33000112,-4.99992E-005,0,-0.00438000032,0,0,-1,95.0867638305534
15.3519011216,-4.99992E-005,0,-0.0044019003216,0,0,-1,95.0119894456836
15.3738011232,-4.99992E-005,0,-0.0044238003232,0,0,-1,94.9372150608138
15.3957011248,-4.99992E-005,0,-0.0044457003248,0,0,-1,94.862440675944
15.4176011264,-4.99992E-005,0,-0.0044676003264,0,0,-1,94.8073949418997
15.439501128,-4.99992E-005,0,-0.004489500328,0,0,-1,94.7031569876831
15.4614011296,-4.99992E-005,0,-0.0045114003296,0,0,-1,94.5989190334666
15.4833011312,-4.99992E-005,0,-0.0045333003312,0,0,-1,94.49468107925
15.5052011328,-4.99992E-005,0,-0.0045552003328,0,0,-1,94.3229031788556
15.5271011344,-4.99992E-005,0,-0.0045771003344,0,0,-1,94.1935066849992
15.549001136,-4.99992E-005,0,-0.004599000336,0,0,-1,94.0641101911427
15.5709011376,-4.99992E-005,0,-0.0046209003376,0,0,-1,93.9055157665002
15.5928011392,-4.99992E-005,0,-0.0046428003392,0,0,-1,93.7428631644096
15.6147011408,-4.99992E-005,0,-0.0046647003408,0,0,-1,93.5802105623191
15.6366011424,-4.99992E-005,0,-0.0046866003424,0,0,-1,93.3393503655828
15.658501144,-4.99992E-005,0,-0.004708500344,0,0,-1,93.0672333397008
15.6804011456,-4.99992E-005,0,-0.0047304003456,0,0,-1,92.7951163138189
15.7023011472,-4.99992E-005,0,-0.0047523003472,0,0,-1,92.5229992879368
15.7242011488,-4.99992E-005,0,-0.0047742003488,0,0,-1,92.2508822620549
15.7461011504,-4.99992E-005,0,-0.0047961003504,0,0,-1,91.9787652361729
15.768001152,-4.99992E-005,0,-0.004818000352,0,0,-1,91.4482970552169
15.7899011536,-4.99992E-005,0,-0.0048399003536,0,0,-1,91.0274977071265
15.8118011552,-4.99992E-005,0,-0.0048618003552,0,0,-1,90.4623882761848
15.8337011568,-4.99992E-005,0,-0.0048837003568,0,0,-1,89.7008397855275
15.8556011584,-4.99992E-005,0,-0.0049056003584,0,0,-1,87.0518970634057
15.87750116,-4.99992E-005,0,-0.00492750036,0,0,-1,89.4728012218267
15.8994011616,-4.99992E-005,0,-0.0049494003616,0,0,-1,91.8937053802475
15.9213011632,-4.99992E-005,0,-0.0049713003632,0,0,-1,94.3146095386685
15.9432011648,-4.99992E-005,0,-0.0049932003648,0,0,-1,96.7355136970894
15.9651011664,-6.50995663999987E-005,0,-0.005,-1,0,0,25.8712683717349
15.987001168,-8.69995679999993E-005,0,-0.005,-1,0,0,20.7596857262778
16.0089011696,-0.000108899569599998,0,-0.005,-1,0,0,15.6481030808212
16.0308011712,-0.0001307995712,0,-0.005,-1,0,0,10.5365204353637
16.0527011728,-0.000152699572799999,0,-0.005,-1,0,0,5.42493778990707
16.0746011744,-0.000174599574399998,0,-0.005,-1,0,0,0.313355144450435
16.096501176,-0.000196499576000001,0,-0.005,-1,0,0,2.6492061210019
16.1184011776,-0.000218399577599999,0,-0.005,-1,0,0,2.33734671869775
16.1403011792,-0.000240299579199998,0,-0.005,-1,0,0,2.02548731639361
16.1622011808,-0.000262199580800001,0,-0.005,-1,0,0,1.71362791408942
16.1841011824,-0.000284099582399999,0,-0.005,-1,0,0,1.40176851178527
16.206001184,-0.000305999583999998,0,-0.005,-1,0,0,1.08990910948113
16.2279011856,-0.000327899585600001,0,-0.005,-1,0,0,0.907625055086527
16.2498011872,-0.000349799587199999,0,-0.005,-1,0,0,0.833787008636953
16.2717011888,-0.000371699588799998,0,-0.005,-1,0,0,0.759948962187377
16.2936011904,-0.000393599590400001,0,-0.005,-1,0,0,0.68611091573779
16.315501192,-0.000415499592,0,-0.005,-1,0,0,0.612272869288216
16.3374011936,-0.000437399593599998,0,-0.005,-1,0,0,0.538434822838641
16.3593011952,-0.000459299595200001,0,-0.005,-1,0,0,0.464596776389054
16.3812011968,-0.0004811995968,0,-0.005,-1,0,0,0.390758729939479
16.4031011984,-0.000503099598399998,0,-0.005,-1,0,0,0.369308970039516
16.4250012,-0.000524999600000001,0,-0.005,-1,0,0,0.343440649732274
16.4469012016,-0.0005468996016,0,-0.005,-1,0,0,0.317572329425035
16.4688012032,-0.000568799603199998,0,-0.005,-1,0,0,0.291704009117796
16.4907012048,-0.000590699604800001,0,-0.005,-1,0,0,0.265835688810553
16.5126012064,-0.0006125996064,0,-0.005,-1,0,0,0.239967368503315
16.534501208,-0.000634499607999999,0,-0.005,-1,0,0,0.214099048196076
16.5564012096,-0.000656399609600001,0,-0.005,-1,0,0,0.188230727888833
16.5783012112,-0.0006782996112,0,-0.005,-1,0,0,0.159275816966476
16.6002012128,-0.000700199612799999,0,-0.005,-1,0,0,0.147770620421909
16.6221012144,-0.000722099614400001,0,-0.005,-1,0,0,0.136265423877341
16.644001216,-0.000743999616,0,-0.005,-1,0,0,0.124760227332774
16.6659012176,-0.000765899617599999,0,-0.005,-1,0,0,0.113255030788208
16.6878012192,-0.000787799619200001,0,-0.005,-1,0,0,0.10174983424364
16.7097012208,-0.0008096996208,0,-0.005,-1,0,0,0.0902446376990731
16.7316012224,-0.000831599622399999,0,-0.005,-1,0,0,0.0787394411545067
16.753501224,-0.000853499624000001,0,-0.005,-1,0,0,0.0672342446099384
16.7754012256,-0.0008753996256,0,-0.005,-1,0,0,0.0557290480653719
16.7973012272,-0.000897299627199999,0,-0.005,-1,0,0,0.0442238515208054
16.8192012288,-0.000919199628800001,0,-0.005,-1,0,0,0.0327186549762371
16.8411012304,-0.0009410996304,0,-0.005,-1,0,0,0.0212134584316706
16.863001232,-0.000962999631999999,0,-0.005,-1,0,0,0.00970826188710414
16.8849012336,-0.000984899633600001,0,-0.005,-1,0,0,-0.00179693465746415
16.9068012352,-0.001,0,-0.0050067996352,0,0,-1,3.81687778665834
16.9287012368,-0.001,0,-0.0050286996368,0,0,-1,3.82391604594554
16.9506012384,-0.001,0,-0.0050505996384,0,0,-1,3.83095430523275
16.97250124,-0.001,0,-0.00507249964,0,0,-1,3.83799256451995
16.9944012416,-0.001,0,-0.0050943996416,0,0,-1,3.84503082380716
17.0163012432,-0.001,0,-0.0051162996432,0,0,-1,3.85206908309436
17.0382012448,-0.001,0,-0.0051381996448,0,0,-1,3.85910734238156
17.0601012464,-0.001,0,-0.0051600996464,0,0,-1,3.86614560166877
17.082001248,-0.001,0,-0.005181999648,0,0,-1,3.87318386095597
17.1039012496,-0.001,0,-0.0052038996496,0,0,-1,3.88022212024317
17.1258012512,-0.001,0,-0.0052257996512,0,0,-1,3.88726037953038
17.1477012528,-0.001,0,-0.0052476996528,0,0,-1,3.89429863881758
17.1696012544,-0.001,0,-0.0052695996544,0,0,-1,3.90133689810479
17.191501256,-0.001,0,-0.005291499656,0,0,-1,3.90837515739199
17.2134012576,-0.001,0,-0.0053133996576,0,0,-1,3.91541341667919
17.2353012592,-0.001,0,-0.0053352996592,0,0,-1,3.9224516759664
17.2572012608,-0.001,0,-0.0053571996608,0,0,-1,3.9294899352536
17.2791012624,-0.001,0,-0.0053790996624,0,0,-1,3.93652819454081
17.301001264,-0.001,0,-0.005400999664,0,0,-1,3.94425970409626
17.3229012656,-0.001,0,-0.0054228996656,0,0,-1,3.94768699382052
17.3448012672,-0.001,0,-0.0054447996672,0,0,-1,3.95111428354478
17.3667012688,-0.001,0,-0.0054666996688,0,0,-1,3.95454157326904
17.3886012704,-0.001,0,-0.0054885996704,0,0,-1,3.9579688629933
17.410501272,-0.001,0,-0.005510499672,0,0,-1,3.96139615271756
17.4324012736,-0.001,0,-0.0055323996736,0,0,-1,3.96482344244182
17.4543012752,-0.001,0,-0.0055542996752,0,0,-1,3.96825073216608
17.4762012768,-0.001,0,-0.0055761996768,0,0,-1,3.97167802189034
17.4981012784,-0.001,0,-0.0055980996784,0,0,-1,3.9751053116146
17.52000128,-0.001,0,-0.00561999968,0,0,-1,3.97853260133886
17.5419012816,-0.001,0,-0.0056418996816,0,0,-1,3.98195989106312
17.5638012832,-0.001,0,-0.0056637996832,0,0,-1,3.98538718078738
17.5857012848,-0.001,0,-0.0056856996848,0,0,-1,3.98881447051164
17.6076012864,-0.001,0,-0.0057075996864,0,0,-1,3.99224176023591
17.629501288,-0.001,0,-0.005729499688,0,0,-1,3.99566904996017
17.6514012896,-0.001,0,-0.0057513996896,0,0,-1,3.99909633968443
17.6733012912,-0.001,0,-0.0057732996912,0,0,-1,3.99819197044774
17.6952012928,-0.001,0,-0.0057951996928,0,0,-1,3.99925042101456
17.7171012944,-0.001,0,-0.0058170996944,0,0,-1,4.00030887158138
17.739001296,-0.001,0,-0.005838999696,0,0,-1,4.00136732214821
17.7609012976,-0.001,0,-0.0058608996976,0,0,-1,4.00242577271503
17.7828012992,-0.001,0,-0.0058827996992,0,0,-1,4.00348422328186
17.8047013008,-0.001,0,-0.0059046997008,0,0,-1,4.00454267384868
17.8266013024,-0.001,0,-0.0059265997024,0,0,-1,4.00560112441551
17.848501304,-0.001,0,-0.005948499704,0,0,-1,4.00665957498233
17.8704013056,-0.001,0,-0.0059703997056,0,0,-1,4.00771802554915
17.8923013072,-0.001,0,-0.0059922997072,0,0,-1,4.00877647611598
17.9142013088,-0.001,0,-0.0060141997088,0,0,-1,4.0098349266828
17.9361013104,-0.001,0,-0.0060360997104,0,0,-1,4.01089337724963
17.958001312,-0.001,0,-0.006057999712,0,0,-1,4.01195182781645
17.9799013136,-0.001,0,-0.0060798997136,0,0,-1,4.01301027838328
18.0018013152,-0.001,0,-0.0061017997152,0,0,-1,4.0140687289501
18.0237013168,-0.001,0,-0.0061236997168,0,0,-1,4.0155425025752
18.0456013184,-0.001,0,-0.0061455997184,0,0,-1,4.01578127890136
18.06750132,-0.001,0,-0.00616749972,0,0,-1,4.01602005522753
18.0894013216,-0.001,0,-0.0061893997216,0,0,-1,4.0162588315537
18.1113013232,-0.001,0,-0.0062112997232,0,0,-1,4.01649760787986
18.1332013248,-0.001,0,-0.0062331997248,0,0,-1,4.01673638420603
18.1551013264,-0.001,0,-0.0062550997264,0,0,-1,4.01697516053219
18.177001328,-0.001,0,-0.006276999728,0,0,-1,4.01721393685836
18.1989013296,-0.001,0,-0.0062988997296,0,0,-1,4.01745271318452
18.2208013312,-0.001,0,-0.0063207997312,0,0,-1,4.01769148951069
18.2427013328,-0.001,0,-0.0063426997328,0,0,-1,4.01793026583685
18.2646013344,-0.001,0,-0.0063645997344,0,0,-1,4.01816904216302
18.286501336,-0.001,0,-0.006386499736,0,0,-1,4.01840781848918
18.3084013376,-0.001,0,-0.0064083997376,0,0,-1,4.01864659481535
18.3303013392,-0.001,0,-0.0064302997392,0,0,-1,4.01888537114152
18.3522013408,-0.001,0,-0.0064521997408,0,0,-1,4.01912414746768
18.3741013424,-0.001,0,-0.0064740997424,0,0,-1,4.01936292379385
18.396001344,-0.001,0,-0.006495999744,0,0,-1,4.01941089214722
18.4179013456,-0.001,0,-0.0065178997456,0,0,-1,4.01948586322132
18.4398013472,-0.001,0,-0.0065397997472,0,0,-1,4.01956083429541
18.4617013488,-0.001,0,-0.0065616997488,0,0,-1,4.0196358053695
18.4836013504,-0.001,0,-0.0065835997504,0,0,-1,4.0197107764436
18.505501352,-0.001,0,-0.006605499752,0,0,-1,4.01978574751769
18.5274013536,-0.001,0,-0.0066273997536,0,0,-1,4.01986071859178
18.5493013552,-0.001,0,-0.0066492997552,0,0,-1,4.01993568966587
18.5712013568,-0.001,0,-0.0066711997568,0,0,-1,4.02001066073997
18.5931013584,-0.001,0,-0.0066930997584,0,0,-1,4.02008563181406
18.61500136,-0.001,0,-0.00671499976,0,0,-1,4.02016060288815
18.6369013616,-0.001,0,-0.0067368997616,0,0,-1,4.02023557396225
18.6588013632,-0.001,0,-0.0067587997632,0,0,-1,4.02031054503634
18.6807013648,-0.001,0,-0.0067806997648,0,0,-1,4.02038551611044
18.7026013664,-0.001,0,-0.0068025997664,0,0,-1,4.02046048718453
18.724501368,-0.001,0,-0.006824499768,0,0,-1,4.02053545825862
18.7464013696,-0.001,0,-0.0068463997696,0,0,-1,4.02060180751002
18.7683013712,-0.001,0,-0.0068682997712,0,0,-1,4.02061124813958
18.7902013728,-0.001,0,-0.0068901997728,0,0,-1,4.02062068876914
18.8121013744,-0.001,0,-0.0069120997744,0,0,-1,4.02063012939871
18.834001376,-0.001,0,-0.006933999776,0,0,-1,4.02063957002827
18.8559013776,-0.001,0,-0.0069558997776,0,0,-1,4.02064901065783
18.8778013792,-0.001,0,-0.0069777997792,0,0,-1,4.0206584512874
18.8997013808,-0.001,0,-0.0069996997808,0,0,-1,4.02066789191696
18.9216013824,-0.001,0,-0.0070215997824,0,0,-1,4.02067733254652
18.943501384,-0.001,0,-0.007043499784,0,0,-1,4.02068677317609
18.9654013856,-0.001,0,-0.0070653997856,0,0,-1,4.02069621380565
18.9873013872,-0.001,0,-0.0070872997872,0,0,-1,4.02070565443521
19.0092013888,-0.001,0,-0.0071091997888,0,0,-1,4.02071509506478
19.0311013904,-0.001,0,-0.0071310997904,0,0,-1,4.02072453569434
19.053001392,-0.001,0,-0.007152999792,0,0,-1,4.0207339763239
19.0749013936,-0.001,0,-0.0071748997936,0,0,-1,4.02074341695347
19.0968013952,-0.001,0,-0.0071967997952,0,0,-1,4.02075285758303
19.1187013968,-0.001,0,-0.0072186997968,0,0,-1,4.02079440456037
19.1406013984,-0.001,0,-0.0072405997984,0,0,-1,4.02079943849315
19.1625014,-0.001,0,-0.0072624998,0,0,-1,4.02080447242592
19.1844014016,-0.001,0,-0.0072843998016,0,0,-1,4.0208095063587
19.2063014032,-0.001,0,-0.0073062998032,0,0,-1,4.02081454029148
19.2282014048,-0.001,0,-0.0073281998048,0,0,-1,4.02081957422425
19.2501014064,-0.001,0,-0.0073500998064,0,0,-1,4.02082460815703
19.272001408,-0.001,0,-0.007371999808,0,0,-1,4.0208296420898
19.2939014096,-0.001,0,-0.0073938998096,0,0,-1,4.02083467602258
19.3158014112,-0.001,0,-0.0074157998112,0,0,-1,4.02083970995536
19.3377014128,-0.001,0,-0.0074376998128,0,0,-1,4.02084474388813
19.3596014144,-0.001,0,-0.0074595998144,0,0,-1,4.02084977782091
19.381501416,-0.001,0,-0.007481499816,0,0,-1,4.02085481175369
19.4034014176,-0.001,0,-0.0075033998176,0,0,-1,4.02085984568647
19.4253014192,-0.001,0,-0.0075252998192,0,0,-1,4.02086487961924
19.4472014208,-0.001,0,-0.0075471998208,0,0,-1,4.02086991355202
19.4691014224,-0.001,0,-0.0075690998224,0,0,-1,4.0208698361668
19.491001424,-0.001,0,-0.007590999824,0,0,-1,4.0208704650586
19.5129014256,-0.001,0,-0.0076128998256,0,0,-1,4.0208710939504
19.5348014272,-0.001,0,-0.0076347998272,0,0,-1,4.0208717228422
19.5567014288,-0.001,0,-0.0076566998288,0,0,-1,4.020872351734
19.5786014304,-0.001,0,-0.0076785998304,0,0,-1,4.0208729806258
19.600501432,-0.001,0,-0.007700499832,0,0,-1,4.0208736095176
19.6224014336,-0.001,0,-0.0077223998336,0,0,-1,4.0208742384094
19.6443014352,-0.001,0,-0.0077442998352,0,0,-1,4.0208748673012
19.6662014368,-0.001,0,-0.0077661998368,0,0,-1,4.020875496193
19.6881014384,-0.001,0,-0.0077880998384,0,0,-1,4.0208761250848
19.71000144,-0.001,0,-0.00780999984,0,0,-1,4.0208767539766
19.7319014416,-0.001,0,-0.0078318998416,0,0,-1,4.0208773828684
19.7538014432,-0.001,0,-0.0078537998432,0,0,-1,4.02087801176021
19.7757014448,-0.001,0,-0.0078756998448,0,0,-1,4.02087864065201
19.7976014464,-0.001,0,-0.0078975998464,0,0,-1,4.0208792695438
19.819501448,-0.001,0,-0.007919499848,0,0,-1,4.02087989843561
19.8414014496,-0.001,0,-0.0079413998496,0,0,-1,4.02088413783985
19.8633014512,-0.001,0,-0.0079632998512,0,0,-1,4.02088444636338
19.8852014528,-0.001,0,-0.0079851998528,0,0,-1,4.02088475488692
19.9071014544,-0.001,0,-0.0080070998544,0,0,-1,4.02088506341046
19.929001456,-0.001,0,-0.008028999856,0,0,-1,4.02088537193399
19.9509014576,-0.001,0,-0.0080508998576,0,0,-1,4.02088568045753
19.9728014592,-0.001,0,-0.0080727998592,0,0,-1,4.02088598898107
19.9947014608,-0.001,0,-0.0080946998608,0,0,-1,4.02088629750461
20.0166014624,-0.001,0,-0.0081165998624,0,0,-1,4.02088660602815
20.038501464,-0.001,0,-0.008138499864,0,0,-1,4.02088691455168
20.0604014656,-0.001,0,-0.0081603998656,0,0,-1,4.02088722307522
20.0823014672,-0.001,0,-0.0081822998672,0,0,-1,4.02088753159876
20.1042014688,-0.001,0,-0.0082041998688,0,0,-1,4.0208878401223
20.1261014704,-0.001,0,-0.0082260998704,0,0,-1,4.02088814864583
20.148001472,-0.001,0,-0.008247999872,0,0,-1,4.02088845716937
20.1699014736,-0.001,0,-0.0082698998736,0,0,-1,4.02088876569291
20.1918014752,-0.001,0,-0.0082917998752,0,0,-1,4.02088922951379
20.2137014768,-0.001,0,-0.0083136998768,0,0,-1,4.02088922951379
20.2356014784,-0.001,0,-0.0083355998784,0,0,-1,4.02088922951379
20.25750148,-0.001,0,-0.00835749988,0,0,-1,4.02088922951379
20.2794014816,-0.001,0,-0.0083793998816,0,0,-1,4.02088922951379
20.3013014832,-0.001,0,-0.0084012998832,0,0,-1,4.02088922951379
20.3232014848,-0.001,0,-0.0084231998848,0,0,-1,4.02088922951379
20.3451014864,-0.001,0,-0.0084450998864,0,0,-1,4.02088922951379
20.367001488,-0.001,0,-0.008466999888,0,0,-1,4.02088922951379
20.3889014896,-0.001,0,-0.0084888998896,0,0,-1,4.02088922951379
20.4108014912,-0.001,0,-0.0085107998912,0,0,-1,4.02088922951379
20.4327014928,-0.001,0,-0.0085326998928,0,0,-1,4.02088922951379
20.4546014944,-0.001,0,-0.0085545998944,0,0,-1,4.02088922951379
20.476501496,-0.001,0,-0.008576499896,0,0,-1,4.02088922951379
20.4984014976,-0.001,0,-0.0085983998976,0,0,-1,4.02088922951379
20.5203014992,-0.001,0,-0.0086202998992,0,0,-1,4.02088922951379
20.5422015008,-0.001,0,-0.0086421999008,0,0,-1,4.02088922951379
20.5641015024,-0.001,0,-0.0086640999024,0,0,-1,4.02088922951379
20.586001504,-0.001,0,-0.008685999904,0,0,-1,4.02088922951379
20.6079015056,-0.001,0,-0.0087078999056,0,0,-1,4.02088922951379
20.6298015072,-0.001,0,-0.0087297999072,0,0,-1,4.02088922951379
20.6517015088,-0.001,0,-0.0087516999088,0,0,-1,4.02088922951379
20.6736015104,-0.001,0,-0.0087735999104,0,0,-1,4.02088922951379
20.695501512,-0.001,0,-0.008795499912,0,0,-1,4.02088922951379
20.7174015136,-0.001,0,-0.0088173999136,0,0,-1,4.02088922951379
20.7393015152,-0.001,0,-0.0088392999152,0,0,-1,4.02088922951379
20.7612015168,-0.001,0,-0.0088611999168,0,0,-1,4.02088922951379
20.7831015184,-0.001,0,-0.0088830999184,0,0,-1,4.02089065563311
20.80500152,-0.001,0,-0.00890499992,0,0,-1,4.02089060858486
20.8269015216,-0.001,0,-0.0089268999216,0,0,-1,4.0208905615366
20.8488015232,-0.001,0,-0.0089487999232,0,0,-1,4.02089051448835
20.8707015248,-0.001,0,-0.0089706999248,0,0,-1,4.02089046744009
20.8926015264,-0.001,0,-0.0089925999264,0,0,-1,4.02089042039184
20.914501528,-0.001,0,-0.009014499928,0,0,-1,4.02089037334358
20.9364015296,-0.001,0,-0.0090363999296,0,0,-1,4.02089032629533
20.9583015312,-0.001,0,-0.0090582999312,0,0,-1,4.02089027924707
20.9802015328,-0.001,0,-0.0090801999328,0,0,-1,4.02089023219881
21.0021015344,-0.001,0,-0.0091020999344,0,0,-1,4.02089018515056
21.024001536,-0.001,0,-0.009123999936,0,0,-1,4.0208901381023
21.0459015376,-0.001,0,-0.0091458999376,0,0,-1,4.02089009105405
21.0678015392,-0.001,0,-0.0091677999392,0,0,-1,4.02089004400579
21.0897015408,-0.001,0,-0.0091896999408,0,0,-1,4.02088999695754
21.1116015424,-0.001,0,-0.0092115999424,0,0,-1,4.02088994990928
21.133501544,-0.001,0,-0.009233499944,0,0,-1,4.02088990286103
21.1554015456,-0.001,0,-0.0092553999456,0,0,-1,4.02088985581277
21.1773015472,-0.001,0,-0.0092772999472,0,0,-1,4.02088980876451
21.1992015488,-0.001,0,-0.0092991999488,0,0,-1,4.02088976171626
21.2211015504,-0.001,0,-0.0093210999504,0,0,-1,4.020889714668
21.243001552,-0.001,0,-0.009342999952,0,0,-1,4.02088966761975
21.2649015536,-0.001,0,-0.0093648999536,0,0,-1,4.02088962057149
21.2868015552,-0.001,0,-0.0093867999552,0,0,-1,4.02088957352324
21.3087015568,-0.001,0,-0.0094086999568,0,0,-1,4.02088952647498
21.3306015584,-0.001,0,-0.0094305999584,0,0,-1,4.02088947942673
21.35250156,-0.001,0,-0.00945249996,0,0,-1,4.02088943237847
21.3744015616,-0.001,0,-0.0094743999616,0,0,-1,4.02088938533022
21.3963015632,-0.001,0,-0.0094962999632,0,0,-1,4.02088933828196
21.4182015648,-0.001,0,-0.0095181999648,0,0,-1,4.02088929123371
21.4401015664,-0.001,0,-0.0095400999664,0,0,-1,4.02088993796926
21.462001568,-0.001,0,-0.009561999968,0,0,-1,4.02088993796926
21.4839015696,-0.001,0,-0.0095838999696,0,0,-1,4.02088993796925
21.5058015712,-0.001,0,-0.0096057999712,0,0,-1,4.02088993796926
21.5277015728,-0.001,0,-0.0096276999728,0,0,-1,4.02088993796925
21.5496015744,-0.001,0,-0.0096495999744,0,0,-1,4.02088993796925
21.571501576,-0.001,0,-0.009671499976,0,0,-1,4.02088993796925
21.5934015776,-0.001,0,-0.0096933999776,0,0,-1,4.02088993796926
21.6153015792,-0.001,0,-0.0097152999792,0,0,-1,4.02088993796926
21.6372015808,-0.001,0,-0.0097371999808,0,0,-1,4.02088993796926
21.6591015824,-0.001,0,-0.0097590999824,0,0,-1,4.02088993796925
21.681001584,-0.001,0,-0.009780999984,0,0,-1,4.02088993796925
21.7029015856,-0.001,0,-0.0098028999856,0,0,-1,4.02088993796925
21.7248015872,-0.001,0,-0.0098247999872,0,0,-1,4.02088993796926
21.7467015888,-0.001,0,-0.0098466999888,0,0,-1,4.02088993796925
21.7686015904,-0.001,0,-0.0098685999904,0,0,-1,4.02088993796925
21.790501592,-0.001,0,-0.009890499992,0,0,-1,4.02088993796926
21.8124015936,-0.001,0,-0.0099123999936,0,0,-1,4.02088993796926
21.8343015952,-0.001,0,-0.0099342999952,0,0,-1,4.02088993796925
21.8562015968,-0.001,0,-0.0099561999968,0,0,-1,4.02088993796925
21.8781015984,-0.001,0,-0.0099780999984,0,0,-1,4.02088993796926
21.9000016,-0.001,0,-0.01,0,0,-1,4.02088993796926
