"Distance [mm]","Voltage [V]","XCoord []","YCoord []","ZCoord []","TangUnitVecX []","TangUnitVecY []","TangUnitVecZ []","E_Tang []"
0,1,-0.001,0,0.01,0,0,-1,3.83826085170664
0.021960001,0.999915714768818,-0.001,0,0.009978039999,0,0,-1,3.83798936180418
0.043920002,0.999831435499553,-0.001,0,0.009956079998,0,0,-1,3.83771787190172
0.065880003,0.999747162192208,-0.001,0,0.009934119997,0,0,-1,3.83744638199926
0.087840004,0.999662894846781,-0.001,0,0.009912159996,0,0,-1,3.8371748920968
0.109800005,0.999578633463273,-0.001,0,0.009890199995,0,0,-1,3.83690340219434
0.131760006,0.999494378041683,-0.001,0,0.009868239994,0,0,-1,3.83663191229187
0.153720007,0.999410128582012,-0.001,0,0.009846279993,0,0,-1,3.83636042238941
0.175680008,0.999325885084259,-0.001,0,0.009824319992,0,0,-1,3.83608893248695
0.197640009,0.999241647548425,-0.001,0,0.009802359991,0,0,-1,3.83581744258449
0.21960001,0.99915741597451,-0.001,0,0.00978039999,0,0,-1,3.83554595268203
0.241560011,0.999073190362512,-0.001,0,0.009758439989,0,0,-1,3.83527446277957
0.263520012,0.998988970712433,-0.001,0,0.009736479988,0,0,-1,3.83500297287711
0.285480013,0.998904757024273,-0.001,0,0.009714519987,0,0,-1,3.83473148297465
0.307440014,0.998820549298032,-0.001,0,0.009692559986,0,0,-1,3.83445999307219
0.329400015,0.998736347533708,-0.001,0,0.009670599985,0,0,-1,3.83418850316972
0.351360016,0.998652151731304,-0.001,0,0.009648639984,0,0,-1,3.83391701326726
0.373320017,0.998567961890818,-0.001,0,0.009626679983,0,0,-1,3.8336455233648
0.395280018,0.99848377801225,-0.001,0,0.009604719982,0,0,-1,3.83337403346234
0.417240019,0.998399600095601,-0.001,0,0.009582759981,0,0,-1,3.83310254355988
0.43920002,0.998315428140871,-0.001,0,0.00956079998,0,0,-1,3.83283105365742
0.461160021,0.998231262148059,-0.001,0,0.009538839979,0,0,-1,3.83255956375496
0.483120022,0.998147102117166,-0.001,0,0.009516879978,0,0,-1,3.8322880738525
0.505080023,0.998062922970749,-0.001,0,0.009494919977,0,0,-1,3.83776387712365
0.527040024,0.997978646818692,-0.001,0,0.009472959976,0,0,-1,3.8376594579304
0.549000025,0.997894372959681,-0.001,0,0.009450999975,0,0,-1,3.83755503873714
0.570960026,0.997810101393715,-0.001,0,0.009429039974,0,0,-1,3.83745061954389
0.592920027,0.997725832120796,-0.001,0,0.009407079973,0,0,-1,3.83734620035063
0.614880028,0.997641565140922,-0.001,0,0.009385119972,0,0,-1,3.83724178115738
0.636840029,0.997557300454093,-0.001,0,0.009363159971,0,0,-1,3.83713736196413
0.65880003,0.99747303806031,-0.001,0,0.00934119997,0,0,-1,3.83703294277087
0.680760031,0.997388777959572,-0.001,0,0.009319239969,0,0,-1,3.83692852357762
0.702720032,0.99730452015188,-0.001,0,0.009297279968,0,0,-1,3.83682410438436
0.724680033,0.997220264637234,-0.001,0,0.009275319967,0,0,-1,3.83671968519111
0.746640034,0.997136011415633,-0.001,0,0.009253359966,0,0,-1,3.83661526599785
0.768600035,0.997051760487078,-0.001,0,0.009231399965,0,0,-1,3.8365108468046
0.790560036,0.996967511851569,-0.001,0,0.009209439964,0,0,-1,3.83640642761135
0.812520037,0.996883265509105,-0.001,0,0.009187479963,0,0,-1,3.83630200841809
0.834480038,0.996799021459686,-0.001,0,0.009165519962,0,0,-1,3.83619758922484
0.856440039,0.996714779703313,-0.001,0,0.009143559961,0,0,-1,3.83609317003158
0.87840004,0.996630540239986,-0.001,0,0.00912159996,0,0,-1,3.83598875083833
0.900360041,0.996546303069705,-0.001,0,0.009099639959,0,0,-1,3.83588433164507
0.922320042,0.996462068192469,-0.001,0,0.009077679958,0,0,-1,3.83577991245182
0.944280043,0.996377835608278,-0.001,0,0.009055719957,0,0,-1,3.83567549325856
0.966240044,0.996293605317133,-0.001,0,0.009033759956,0,0,-1,3.83557107406531
0.988200045,0.996209377319034,-0.001,0,0.009011799955,0,0,-1,3.83546665487206
1.010160046,0.996125140572191,-0.001,0,0.008989839954,0,0,-1,3.83662396731609
1.032120047,0.996040889446614,-0.001,0,0.008967879953,0,0,-1,3.83652008914746
1.054080048,0.995956640602202,-0.001,0,0.008945919952,0,0,-1,3.83641621097883
1.076040049,0.995872394038955,-0.001,0,0.008923959951,0,0,-1,3.83631233281019
1.09800005,0.995788149756873,-0.001,0,0.00890199995,0,0,-1,3.83620845464156
1.119960051,0.995703907755955,-0.001,0,0.008880039949,0,0,-1,3.83610457647293
1.141920052,0.995619668036202,-0.001,0,0.008858079948,0,0,-1,3.8360006983043
1.163880053,0.995535430597614,-0.001,0,0.008836119947,0,0,-1,3.83589682013566
1.185840054,0.99545119544019,-0.001,0,0.008814159946,0,0,-1,3.83579294196703
1.207800055,0.995366962563931,-0.001,0,0.008792199945,0,0,-1,3.8356890637984
1.229760056,0.995282731968836,-0.001,0,0.008770239944,0,0,-1,3.83558518562976
1.251720057,0.995198503654907,-0.001,0,0.008748279943,0,0,-1,3.83548130746113
1.273680058,0.995114277622142,-0.001,0,0.008726319942,0,0,-1,3.8353774292925
1.295640059,0.995030053870542,-0.001,0,0.008704359941,0,0,-1,3.83527355112387
1.31760006,0.994945832400106,-0.001,0,0.00868239994,0,0,-1,3.83516967295523
1.339560061,0.994861613210835,-0.001,0,0.008660439939,0,0,-1,3.8350657947866
1.361520062,0.994777396302729,-0.001,0,0.008638479938,0,0,-1,3.83496191661797
1.383480063,0.994693181675787,-0.001,0,0.008616519937,0,0,-1,3.83485803844933
1.405440064,0.99460896933001,-0.001,0,0.008594559936,0,0,-1,3.8347541602807
1.427400065,0.994524759265398,-0.001,0,0.008572599935,0,0,-1,3.83465028211207
1.449360066,0.99444055148195,-0.001,0,0.008550639934,0,0,-1,3.83454640394344
1.471320067,0.994356316811647,-0.001,0,0.008528679933,0,0,-1,3.83590615547529
1.493280068,0.994272079873538,-0.001,0,0.008506719932,0,0,-1,3.83594578203237
1.515240069,0.994187842065229,-0.001,0,0.008484759931,0,0,-1,3.83598540858945
1.53720007,0.994103603386721,-0.001,0,0.00846279993,0,0,-1,3.83602503514653
1.559160071,0.994019363838013,-0.001,0,0.008440839929,0,0,-1,3.83606466170361
1.581120072,0.993935123419107,-0.001,0,0.008418879928,0,0,-1,3.83610428826069
1.603080073,0.993850882130001,-0.001,0,0.008396919927,0,0,-1,3.83614391481777
1.625040074,0.993766639970696,-0.001,0,0.008374959926,0,0,-1,3.83618354137485
1.647000075,0.993682396941191,-0.001,0,0.008352999925,0,0,-1,3.83622316793193
1.668960076,0.993598153041487,-0.001,0,0.008331039924,0,0,-1,3.83626279448901
1.690920077,0.993513908271585,-0.001,0,0.008309079923,0,0,-1,3.83630242104609
1.712880078,0.993429662631483,-0.001,0,0.008287119922,0,0,-1,3.83634204760317
1.734840079,0.993345416121181,-0.001,0,0.008265159921,0,0,-1,3.83638167416025
1.75680008,0.993261168740681,-0.001,0,0.00824319992,0,0,-1,3.83642130071733
1.778760081,0.993176920489981,-0.001,0,0.008221239919,0,0,-1,3.83646092727441
1.800720082,0.993092671369082,-0.001,0,0.008199279918,0,0,-1,3.83650055383149
1.822680083,0.993008421377984,-0.001,0,0.008177319917,0,0,-1,3.83654018038857
1.844640084,0.992924170516686,-0.001,0,0.008155359916,0,0,-1,3.83657980694565
1.866600085,0.99283991878519,-0.001,0,0.008133399915,0,0,-1,3.83661943350273
1.888560086,0.992755666183493,-0.001,0,0.008111439914,0,0,-1,3.83665906005981
1.910520087,0.992671412711599,-0.001,0,0.008089479913,0,0,-1,3.83669868661689
1.932480088,0.992587158369504,-0.001,0,0.008067519912,0,0,-1,3.83673831317397
1.954440089,0.99250290315721,-0.001,0,0.008045559911,0,0,-1,3.83677793973105
1.97640009,0.992418647074718,-0.001,0,0.00802359991,0,0,-1,3.83681756628813
1.998360091,0.992334390122026,-0.001,0,0.008001639909,0,0,-1,3.83685719284521
2.020320092,0.992250132299134,-0.001,0,0.007979679908,0,0,-1,3.83689681940229
2.042280093,0.992165873606044,-0.001,0,0.007957719907,0,0,-1,3.83693644595937
2.064240094,0.992081614042754,-0.001,0,0.007935759906,0,0,-1,3.83697607251645
2.086200095,0.991997351421063,-0.001,0,0.007913799905,0,0,-1,3.83734592632563
2.108160096,0.991913084631417,-0.001,0,0.007891839904,0,0,-1,3.83722473020907
2.130120097,0.991828820503238,-0.001,0,0.007869879903,0,0,-1,3.8371035340925
2.152080098,0.991744559036525,-0.001,0,0.007847919902,0,0,-1,3.83698233797594
2.174040099,0.99166030023128,-0.001,0,0.007825959901,0,0,-1,3.83686114185938
2.1960001,0.991576044087501,-0.001,0,0.0078039999,0,0,-1,3.83673994574282
2.217960101,0.991491790605189,-0.001,0,0.007782039899,0,0,-1,3.83661874962625
2.239920102,0.991407539784345,-0.001,0,0.007760079898,0,0,-1,3.83649755350969
2.261880103,0.991323291624966,-0.001,0,0.007738119897,0,0,-1,3.83637635739313
2.283840104,0.991239046127055,-0.001,0,0.007716159896,0,0,-1,3.83625516127657
2.305800105,0.991154803290611,-0.001,0,0.007694199895,0,0,-1,3.83613396516001
2.327760106,0.991070563115633,-0.001,0,0.007672239894,0,0,-1,3.83601276904344
2.349720107,0.990986325602123,-0.001,0,0.007650279893,0,0,-1,3.83589157292689
2.371680108,0.990902090750079,-0.001,0,0.007628319892,0,0,-1,3.83577037681032
2.393640109,0.990817858559502,-0.001,0,0.007606359891,0,0,-1,3.83564918069376
2.41560011,0.990733629030391,-0.001,0,0.00758439989,0,0,-1,3.8355279845772
2.437560111,0.990649402162747,-0.001,0,0.007562439889,0,0,-1,3.83540678846063
2.459520112,0.990565200032998,-0.001,0,0.007540479888,0,0,-1,3.83424750423676
2.481480113,0.990480998990366,-0.001,0,0.007518519887,0,0,-1,3.834335264263
2.503440114,0.990396796020523,-0.001,0,0.007496559886,0,0,-1,3.83442302428924
2.525400115,0.990312591123471,-0.001,0,0.007474599885,0,0,-1,3.83451078431548
2.547360116,0.990228384299208,-0.001,0,0.007452639884,0,0,-1,3.83459854434171
2.569320117,0.990144175547734,-0.001,0,0.007430679883,0,0,-1,3.83468630436795
2.591280118,0.99005996486905,-0.001,0,0.007408719882,0,0,-1,3.83477406439419
2.613240119,0.989975752263156,-0.001,0,0.007386759881,0,0,-1,3.83486182442043
2.63520012,0.989891537730052,-0.001,0,0.00736479988,0,0,-1,3.83494958444666
2.657160121,0.989807321269737,-0.001,0,0.007342839879,0,0,-1,3.8350373444729
2.679120122,0.989723102882212,-0.001,0,0.007320879878,0,0,-1,3.83512510449914
2.701080123,0.989638882567477,-0.001,0,0.007298919877,0,0,-1,3.83521286452538
2.723040124,0.989554660325532,-0.001,0,0.007276959876,0,0,-1,3.83530062455161
2.745000125,0.989470436156376,-0.001,0,0.007254999875,0,0,-1,3.83538838457785
2.766960126,0.98938621006001,-0.001,0,0.007233039874,0,0,-1,3.83547614460409
2.788920127,0.989301982036434,-0.001,0,0.007211079873,0,0,-1,3.83556390463033
2.810880128,0.989217752085648,-0.001,0,0.007189119872,0,0,-1,3.83565166465657
2.832840129,0.989133520207651,-0.001,0,0.007167159871,0,0,-1,3.8357394246828
2.85480013,0.989049286402444,-0.001,0,0.00714519987,0,0,-1,3.83582718470904
2.876760131,0.988965050670027,-0.001,0,0.007123239869,0,0,-1,3.83591494473528
2.898720132,0.9888808130104,-0.001,0,0.007101279868,0,0,-1,3.83600270476151
2.920680133,0.988796573423562,-0.001,0,0.007079319867,0,0,-1,3.83609046478775
2.942640134,0.988712331909514,-0.001,0,0.007057359866,0,0,-1,3.83617822481399
2.964600135,0.988628088468256,-0.001,0,0.007035399865,0,0,-1,3.83626598484023
2.986560136,0.988543843099788,-0.001,0,0.007013439864,0,0,-1,3.83635374486647
3.008520137,0.988459595804109,-0.001,0,0.006991479863,0,0,-1,3.8364415048927
3.030480138,0.98837534658122,-0.001,0,0.006969519862,0,0,-1,3.83652926491894
3.052440139,0.988291095431121,-0.001,0,0.006947559861,0,0,-1,3.83661702494518
3.07440014,0.988206842353812,-0.001,0,0.00692559986,0,0,-1,3.83670478497142
3.096360141,0.988122587349292,-0.001,0,0.006903639859,0,0,-1,3.83679254499766
3.118320142,0.988038330417561,-0.001,0,0.006881679858,0,0,-1,3.83688030502389
3.140280143,0.987954088237998,-0.001,0,0.006859719857,0,0,-1,3.83519362250656
3.162240144,0.987869866724649,-0.001,0,0.006837759856,0,0,-1,3.83525350992906
3.184200145,0.987785643896172,-0.001,0,0.006815799855,0,0,-1,3.83531339735156
3.206160146,0.987701419752567,-0.001,0,0.006793839854,0,0,-1,3.83537328477405
3.228120147,0.987617194293834,-0.001,0,0.006771879853,0,0,-1,3.83543317219655
3.250080148,0.987532967519973,-0.001,0,0.006749919852,0,0,-1,3.83549305961904
3.272040149,0.987448739430984,-0.001,0,0.006727959851,0,0,-1,3.83555294704154
3.29400015,0.987364510026867,-0.001,0,0.00670599985,0,0,-1,3.83561283446404
3.315960151,0.987280279307623,-0.001,0,0.006684039849,0,0,-1,3.83567272188653
3.337920152,0.987196047273251,-0.001,0,0.006662079848,0,0,-1,3.83573260930903
3.359880153,0.987111813923751,-0.001,0,0.006640119847,0,0,-1,3.83579249673152
3.381840154,0.987027579259123,-0.001,0,0.006618159846,0,0,-1,3.83585238415402
3.403800155,0.986943343279367,-0.001,0,0.006596199845,0,0,-1,3.83591227157652
3.425760156,0.986859105984483,-0.001,0,0.006574239844,0,0,-1,3.83597215899901
3.447720157,0.986774867374472,-0.001,0,0.006552279843,0,0,-1,3.83603204642151
3.469680158,0.986690627449332,-0.001,0,0.006530319842,0,0,-1,3.83609193384401
3.491640159,0.986606386209065,-0.001,0,0.006508359841,0,0,-1,3.8361518212665
3.51360016,0.98652214365367,-0.001,0,0.00648639984,0,0,-1,3.836211708689
3.535560161,0.986437899783147,-0.001,0,0.006464439839,0,0,-1,3.8362715961115
3.557520162,0.986353654597496,-0.001,0,0.006442479838,0,0,-1,3.83633148353399
3.579480163,0.986269408096718,-0.001,0,0.006420519837,0,0,-1,3.83639137095649
3.601440164,0.986185160280811,-0.001,0,0.006398559836,0,0,-1,3.83645125837899
3.623400165,0.986100911149777,-0.001,0,0.006376599835,0,0,-1,3.83651114580148
3.645360166,0.986016660703614,-0.001,0,0.006354639834,0,0,-1,3.83657103322398
3.667320167,0.985932408942324,-0.001,0,0.006332679833,0,0,-1,3.83663092064647
3.689280168,0.985848155865906,-0.001,0,0.006310719832,0,0,-1,3.83669080806897
3.711240169,0.985763901474361,-0.001,0,0.006288759831,0,0,-1,3.83675069549147
3.73320017,0.985679645767687,-0.001,0,0.00626679983,0,0,-1,3.83681058291396
3.755160171,0.985595388745886,-0.001,0,0.006244839829,0,0,-1,3.83687047033646
3.777120172,0.985511130408956,-0.001,0,0.006222879828,0,0,-1,3.83693035775896
3.799080173,0.985426897432219,-0.001,0,0.006200919827,0,0,-1,3.83320112686309
3.821040174,0.985342721004134,-0.001,0,0.006178959826,0,0,-1,3.83313987974798
3.843000175,0.985258545921035,-0.001,0,0.006156999825,0,0,-1,3.83307863263287
3.864960176,0.985174372182922,-0.001,0,0.006135039824,0,0,-1,3.83301738551775
3.886920177,0.985090199789797,-0.001,0,0.006113079823,0,0,-1,3.83295613840264
3.908880178,0.985006028741658,-0.001,0,0.006091119822,0,0,-1,3.83289489128753
3.930840179,0.984921859038506,-0.001,0,0.006069159821,0,0,-1,3.83283364417241
3.95280018,0.98483769068034,-0.001,0,0.00604719982,0,0,-1,3.8327723970573
3.974760181,0.984753523667161,-0.001,0,0.006025239819,0,0,-1,3.83271114994219
3.996720182,0.984669357998969,-0.001,0,0.006003279818,0,0,-1,3.83264990282707
4.018680183,0.984585193675764,-0.001,0,0.005981319817,0,0,-1,3.83258865571196
4.040640184,0.984501030697545,-0.001,0,0.005959359816,0,0,-1,3.83252740859685
4.062600185,0.984416869064313,-0.001,0,0.005937399815,0,0,-1,3.83246616148174
4.084560186,0.984332708776068,-0.001,0,0.005915439814,0,0,-1,3.83240491436662
4.106520187,0.98424854983281,-0.001,0,0.005893479813,0,0,-1,3.83234366725151
4.128480188,0.984164392234537,-0.001,0,0.005871519812,0,0,-1,3.8322824201364
4.150440189,0.984080235981252,-0.001,0,0.005849559811,0,0,-1,3.83222117302128
4.17240019,0.983996081072954,-0.001,0,0.00582759981,0,0,-1,3.83215992590617
4.194360191,0.983911927509642,-0.001,0,0.005805639809,0,0,-1,3.83209867879106
4.216320192,0.983827775291317,-0.001,0,0.005783679808,0,0,-1,3.83203743167594
4.238280193,0.983743624417979,-0.001,0,0.005761719807,0,0,-1,3.83197618456083
4.260240194,0.983659474889628,-0.001,0,0.005739759806,0,0,-1,3.83191493744572
4.282200195,0.983575326706262,-0.001,0,0.005717799805,0,0,-1,3.8318536903306
4.304160196,0.983491179867884,-0.001,0,0.005695839804,0,0,-1,3.83179244321549
4.326120197,0.983407034374493,-0.001,0,0.005673879803,0,0,-1,3.83173119610038
4.348080198,0.983322890226088,-0.001,0,0.005651919802,0,0,-1,3.83166994898526
4.370040199,0.98323874742267,-0.001,0,0.005629959801,0,0,-1,3.83160870187015
4.3920002,0.983154628885673,-0.001,0,0.0056079998,0,0,-1,3.82981688049848
4.413960201,0.983070533949978,-0.001,0,0.005586039799,0,0,-1,3.82910223291184
4.435920202,0.982986454707945,-0.001,0,0.005564079798,0,0,-1,3.8283875853252
4.457880203,0.982902391159574,-0.001,0,0.005542119797,0,0,-1,3.82767293773855
4.479840204,0.982818343304865,-0.001,0,0.005520159796,0,0,-1,3.82695829015191
4.501800205,0.982734311143817,-0.001,0,0.005498199795,0,0,-1,3.82624364256527
4.523760206,0.982650294676431,-0.001,0,0.005476239794,0,0,-1,3.82552899497863
4.545720207,0.982566293902706,-0.001,0,0.005454279793,0,0,-1,3.82481434739198
4.567680208,0.982482308822644,-0.001,0,0.005432319792,0,0,-1,3.82409969980534
4.589640209,0.982398339436243,-0.001,0,0.005410359791,0,0,-1,3.8233850522187
4.61160021,0.982314385743504,-0.001,0,0.00538839979,0,0,-1,3.82267040463205
4.633560211,0.982230447744426,-0.001,0,0.005366439789,0,0,-1,3.82195575704541
4.655520212,0.98214652543901,-0.001,0,0.005344479788,0,0,-1,3.82124110945877
4.677480213,0.982062618827256,-0.001,0,0.005322519787,0,0,-1,3.82052646187213
4.699440214,0.981978727909164,-0.001,0,0.005300559786,0,0,-1,3.81981181428548
4.721400215,0.981894852684733,-0.001,0,0.005278599785,0,0,-1,3.81909716669884
4.743360216,0.981810993153964,-0.001,0,0.005256639784,0,0,-1,3.8183825191122
4.765320217,0.981727149316857,-0.001,0,0.005234679783,0,0,-1,3.81766787152556
4.787280218,0.981643321328958,-0.001,0,0.005212719782,0,0,-1,3.81188577638417
4.809240219,0.981559622474198,-0.001,0,0.005190759781,0,0,-1,3.81096039374353
4.83120022,0.981475943940843,-0.001,0,0.00516879978,0,0,-1,3.8100350111029
4.853160221,0.981392285728891,-0.001,0,0.005146839779,0,0,-1,3.80910962846227
4.875120222,0.981308647838343,-0.001,0,0.005124879778,0,0,-1,3.80818424582164
4.897080223,0.981225030269198,-0.001,0,0.005102919777,0,0,-1,3.807258863181
4.919040224,0.981141433021457,-0.001,0,0.005080959776,0,0,-1,3.80633348054037
4.941000225,0.98105785609512,-0.001,0,0.005058999775,0,0,-1,3.80540809789974
4.962960226,0.980974299490186,-0.001,0,0.005037039774,0,0,-1,3.80448271525911
4.984920227,0.980890763206657,-0.001,0,0.005015079773,0,0,-1,3.80355733261847
5.006880228,0.980833428196658,-0.000993119772,0,0.005,1,0,0,-0.00219574958902574
5.028840229,0.980833457337925,-0.000971159771,0,0.005,1,0,0,-0.000458281890915061
5.05080023,0.9808334483244,-0.00094919977,0,0.005,1,0,0,0.00127918580719562
5.072760231,0.980833401156082,-0.000927239769,0,0.005,1,0,0,0.00301665350530631
5.094720232,0.980833315832972,-0.000905279768,0,0.005,1,0,0,0.00475412120341699
5.116680233,0.980833192355069,-0.000883319767,0,0.005,1,0,0,0.00649158890152768
5.138640234,0.980833030722375,-0.000861359766000001,0,0.005,1,0,0,0.00822905659963829
5.160600235,0.980832830934887,-0.000839399765000001,0,0.005,1,0,0,0.00996652429774897
5.182560236,0.980832592992607,-0.000817439764,0,0.005,1,0,0,0.0117039919958597
5.204520237,0.980832316895536,-0.000795479763,0,0.005,1,0,0,0.0134414596939703
5.226480238,0.980832002643671,-0.000773519762,0,0.005,1,0,0,0.015178927392081
5.248440239,0.980831653413554,-0.000751559761,0,0.005,1,0,0,0.0169702210834134
5.27040024,0.980831240584543,-0.00072959976,0,0.005,1,0,0,0.020628047816278
5.292360241,0.980830747429653,-0.000707639759000001,0,0.005,1,0,0,0.0242858745491424
5.314320242,0.980830173948885,-0.000685679758000001,0,0.005,1,0,0,0.0279437012820071
5.336280243,0.980829520142237,-0.000663719757000001,0,0.005,1,0,0,0.0316015280148717
5.358240244,0.98082878600971,-0.000641759756000001,0,0.005,1,0,0,0.0352593547477363
5.380200245,0.980827971551306,-0.000619799755000001,0,0.005,1,0,0,0.0389171814806009
5.402160246,0.980827076767022,-0.000597839754000001,0,0.005,1,0,0,0.0425750082134655
5.424120247,0.98082610165686,-0.000575879753000001,0,0.005,1,0,0,0.0462328349463301
5.446080248,0.980825046220819,-0.000553919752000001,0,0.005,1,0,0,0.0498906616791947
5.468040249,0.980823910458899,-0.000531959751000001,0,0.005,1,0,0,0.0535484884120593
5.49000025,0.980822813359339,-0.00050999975,0,0.005,1,0,0,0.0488734020104633
5.511960251,0.980821612855121,-0.000488039749,0,0.005,1,0,0,0.0604621319839682
5.533920252,0.980820157862381,-0.000466079748,0,0.005,1,0,0,0.0720508619574731
5.555880253,0.98081844838112,-0.000444119747,0,0.005,1,0,0,0.083639591930978
5.577840254,0.980816484411337,-0.000422159746,0,0.005,1,0,0,0.0952283219044829
5.599800255,0.980814265953032,-0.000400199745,0,0.005,1,0,0,0.106817051877988
5.621760256,0.980811793006204,-0.000378239744,0,0.005,1,0,0,0.118405781851493
5.643720257,0.980809065570855,-0.000356279743,0,0.005,1,0,0,0.129994511824998
5.665680258,0.980806083646985,-0.000334319742,0,0.005,1,0,0,0.141583241798503
5.687640259,0.980802651923023,-0.000312359741,0,0.005,1,0,0,0.175643237987406
5.70960026,0.980798370649805,-0.000290399740000001,0,0.005,1,0,0,0.214272337899088
5.731560261,0.980793241081514,-0.000268439739000001,0,0.005,1,0,0,0.25290143781077
5.753520262,0.98078726321815,-0.000246479738000001,0,0.005,1,0,0,0.291530537722453
5.775480263,0.980780652211326,-0.000224519737000001,0,0.005,1,0,0,0.294474273150144
5.797440264,0.980772737395119,-0.000202559736,0,0.005,1,0,0,0.426365057134318
5.819400265,0.980761926257164,-0.000180599735,0,0.005,1,0,0,0.558255841118492
5.841360266,0.980748218797461,-0.000158639734,0,0.005,1,0,0,0.690146625102666
5.863320267,0.980731615016009,-0.000136679733,0,0.005,1,0,0,0.82203740908684
5.885280268,0.980706261981212,-0.000114719732,0,0.005,1,0,0,1.51085475688395
5.907240269,0.980665580967868,-9.27597310000001E-005,0,0.005,1,0,0,2.1941553971143
5.92920027,0.980641869102443,-7.07997300000001E-005,0,0.005,1,0,0,-1.71463064381252
5.951160271,0.980515236613655,-4.8839729E-005,0,0.005,1,0,0,13.2476436694666
5.973120272,0.980060032565985,-2.68797279999999E-005,0,0.005,1,0,0,28.2099179827457
5.995080273,0.978391752266866,-1.99995E-005,0,0.004984920227,0,0,-1,89.9337285024197
6.017040274,0.976456045330989,-1.99995E-005,0,0.004962960226,0,0,-1,88.9732076075501
6.039000275,0.974483365522753,-1.99995E-005,0,0.004941000225,0,0,-1,90.6238743745635
6.060960276,0.972478724396161,-1.99995E-005,0,0.004919040224,0,0,-1,91.8920717873021
6.082920277,0.97045258160362,-1.99995E-005,0,0.004897080223,0,0,-1,92.6382287842712
6.104880278,0.968409800546737,-1.99995E-005,0,0.004875120222,0,0,-1,93.3122149178844
6.126840279,0.96635688734659,-1.99995E-005,0,0.004853160221,0,0,-1,93.6026229875206
6.14880028,0.964296601687312,-1.99995E-005,0,0.00483120022,0,0,-1,94.0831482728602
6.170760281,0.96222839116047,-1.99995E-005,0,0.004809240219,0,0,-1,94.3253456083707
6.192720282,0.960150918331315,-1.99995E-005,0,0.004787280218,0,0,-1,94.7745177313281
6.214680283,0.958068005504393,-1.99995E-005,0,0.004765320217,0,0,-1,94.9492341469308
6.236640284,0.955979856019049,-1.99995E-005,0,0.004743360216,0,0,-1,95.2191399977454
6.258600285,0.953886547673956,-1.99995E-005,0,0.004721400215,0,0,-1,95.4598359658149
6.280560286,0.95178733308908,-1.99995E-005,0,0.004699440214,0,0,-1,95.593225671136
6.302520287,0.94969039219155,-1.99995E-005,0,0.004677480213,0,0,-1,95.4619565287518
6.324480288,0.947593905804135,-1.99995E-005,0,0.004655520212,0,0,-1,95.4909231561397
6.346440289,0.945495022981973,-1.99995E-005,0,0.004633560211,0,0,-1,95.6839587582159
6.36840029,0.943392836170792,-1.99995E-005,0,0.00461160021,0,0,-1,95.7926051405035
6.390360291,0.941288992170263,-1.99995E-005,0,0.004589640209,0,0,-1,95.8123399502009
6.412320292,0.939183195157145,-1.99995E-005,0,0.004567680208,0,0,-1,96.0001324171408
6.434280293,0.937075390930824,-1.99995E-005,0,0.004545720207,0,0,-1,95.9674568667476
6.456240294,0.934973103841682,-1.99995E-005,0,0.004523760206,0,0,-1,95.8883811074767
6.478200295,0.932864405020343,-1.99995E-005,0,0.004501800205,0,0,-1,96.0716353071149
6.500160296,0.930753520812122,-1.99995E-005,0,0.004479840204,0,0,-1,96.053101446078
6.522120297,0.928644663701652,-1.99995E-005,0,0.004457880203,0,0,-1,96.0345045176058
6.544080298,0.926536234292589,-1.99995E-005,0,0.004435920202,0,0,-1,95.978375072721
6.566040299,0.924428833598206,-1.99995E-005,0,0.004413960201,0,0,-1,95.9524626701643
6.5880003,0.92232200194021,-1.99995E-005,0,0.0043920002,0,0,-1,95.9265502676076
6.609960301,0.920214259494385,-1.99995E-005,0,0.004370040199,0,0,-1,96.0276668453264
6.631920302,0.918104772039535,-1.99995E-005,0,0.004348080198,0,0,-1,96.0932219333754
6.653880303,0.915992931958987,-1.99995E-005,0,0.004326120197,0,0,-1,96.1914273086681
6.675840304,0.913880044493198,-1.99995E-005,0,0.004304160196,0,0,-1,96.206013460449
6.697800305,0.911767337216604,-1.99995E-005,0,0.004282200195,0,0,-1,96.190453316766
6.719760306,0.909655150934663,-1.99995E-005,0,0.004260240194,0,0,-1,96.1473842732843
6.741720307,0.907548535135652,-1.99995E-005,0,0.004238280193,0,0,-1,95.9116672652516
6.763680308,0.905442034937071,-1.99995E-005,0,0.004216320192,0,0,-1,96.0486417676932
6.785640309,0.903331262854373,-1.99995E-005,0,0.004194360191,0,0,-1,96.0581727553762
6.80760031,0.901222824820528,-1.99995E-005,0,0.00417240019,0,0,-1,95.9836144541602
6.829560311,0.899112237376799,-1.99995E-005,0,0.004150440189,0,0,-1,96.2840393116212
6.851520312,0.896996315864914,-1.99995E-005,0,0.004128480188,0,0,-1,96.4335729399662
6.873480313,0.894882512143452,-1.99995E-005,0,0.004106520187,0,0,-1,96.2299825902557
6.895440314,0.89276913296911,-1.99995E-005,0,0.004084560186,0,0,-1,96.2146378229522
6.917400315,0.890656940027694,-1.99995E-005,0,0.004062600185,0,0,-1,96.1033032365651
6.939360316,0.888549247354224,-1.99995E-005,0,0.004040640184,0,0,-1,95.9096180381375
6.961320317,0.886439492684456,-1.99995E-005,0,0.004018680183,0,0,-1,96.1672365178365
6.983280318,0.884329731210856,-1.99995E-005,0,0.003996720182,0,0,-1,95.9876094936102
7.005240319,0.882220129561325,-1.99995E-005,0,0.003974760181,0,0,-1,96.1670865400095
7.02720032,0.88010980848443,-1.99995E-005,0,0.00395280018,0,0,-1,96.0297240971967
7.049160321,0.877999039797683,-1.99995E-005,0,0.003930840179,0,0,-1,96.2087944101872
7.071120322,0.875884612978879,-1.99995E-005,0,0.003908880178,0,0,-1,96.3211726684549
7.093080323,0.873770632140017,-1.99995E-005,0,0.003886920177,0,0,-1,96.216148517142
7.115040324,0.871658378847256,-1.99995E-005,0,0.003864960176,0,0,-1,96.1472230212063
7.137000325,0.869547523409948,-1.99995E-005,0,0.003843000175,0,0,-1,96.1968086449247
7.158960326,0.867436315636094,-1.99995E-005,0,0.003821040174,0,0,-1,96.080757631512
7.180920327,0.865328518239431,-1.99995E-005,0,0.003799080173,0,0,-1,95.941665491617
7.202880328,0.863220508950044,-1.99995E-005,0,0.003777120172,0,0,-1,96.1676385510443
7.224840329,0.861108474718988,-1.99995E-005,0,0.003755160171,0,0,-1,96.2871319831485
7.24680033,0.858993538472168,-1.99995E-005,0,0.00373320017,0,0,-1,96.4310964010435
7.268760331,0.856875680278936,-1.99995E-005,0,0.003711240169,0,0,-1,96.4413057434911
7.290720332,0.854760386882412,-1.99995E-005,0,0.003689280168,0,0,-1,96.22196335682
7.312680333,0.852647735256821,-1.99995E-005,0,0.003667320167,0,0,-1,96.1919471880301
7.334640334,0.850537054273895,-1.99995E-005,0,0.003645360166,0,0,-1,96.0376417747676
7.356600335,0.848426788311851,-1.99995E-005,0,0.003623400165,0,0,-1,96.1744519105381
7.378560336,0.846314029374827,-1.99995E-005,0,0.003601440164,0,0,-1,96.244386050626
7.400520337,0.844199054068214,-1.99995E-005,0,0.003579480163,0,0,-1,96.3618786806743
7.422480338,0.842083583745659,-1.99995E-005,0,0.003557520162,0,0,-1,96.1474027695874
7.444440339,0.839971604328607,-1.99995E-005,0,0.003535560161,0,0,-1,96.2931371219753
7.46640034,0.837857051318265,-1.99995E-005,0,0.00351360016,0,0,-1,96.2890954874807
7.488360341,0.835742587062219,-1.99995E-005,0,0.003491640159,0,0,-1,96.2850538529861
7.510320342,0.833631741950486,-1.99995E-005,0,0.003469680158,0,0,-1,96.1310081521007
7.532280343,0.83151968247003,-1.99995E-005,0,0.003447720157,0,0,-1,96.2241270279928
7.554240344,0.829407769104293,-1.99995E-005,0,0.003425760156,0,0,-1,96.1234198929507
7.576200345,0.827297742672887,-1.99995E-005,0,0.003403800155,0,0,-1,96.0869948372607
7.598160346,0.825186440227911,-1.99995E-005,0,0.003381840154,0,0,-1,96.1780975960289
7.620120347,0.823070340578072,-1.99995E-005,0,0.003359880153,0,0,-1,96.4871841315803
7.642080348,0.820949490685569,-1.99995E-005,0,0.003337920152,0,0,-1,96.7867078881637
7.664040349,0.818827490538305,-1.99995E-005,0,0.003315960151,0,0,-1,96.53616228182
7.68600035,0.816708026170187,-1.99995E-005,0,0.00329400015,0,0,-1,96.4866260763697
7.707960351,0.814589824496876,-1.99995E-005,0,0.003272040149,0,0,-1,96.4009993310457
7.729920352,0.812473567215871,-1.99995E-005,0,0.003250080148,0,0,-1,96.3874735137839
7.751880353,0.810361358688172,-1.99995E-005,0,0.003228120147,0,0,-1,96.1022139773082
7.773840354,0.808249194807583,-1.99995E-005,0,0.003206160146,0,0,-1,96.2695126181167
7.795800355,0.806133540981726,-1.99995E-005,0,0.003184200145,0,0,-1,96.3575164710415
7.817760356,0.804013691967347,-1.99995E-005,0,0.003162240144,0,0,-1,96.633055224025
7.839720357,0.801893098816889,-1.99995E-005,0,0.003140280143,0,0,-1,96.4856141335738
7.861680358,0.799774015999226,-1.99995E-005,0,0.003118320142,0,0,-1,96.4523345152838
7.883640359,0.797659872412938,-1.99995E-005,0,0.003096360141,0,0,-1,96.1317821881027
7.90560036,0.795548857640449,-1.99995E-005,0,0.00307440014,0,0,-1,96.1282065514047
7.927560361,0.793436447829133,-1.99995E-005,0,0.003052440139,0,0,-1,96.2124274312603
7.949520362,0.791328406193089,-1.99995E-005,0,0.003030480138,0,0,-1,95.6293993024285
7.971480363,0.789232873361554,-1.99995E-005,0,0.003008520137,0,0,-1,95.405978931434
7.993440364,0.787137515523978,-1.99995E-005,0,0.002986560136,0,0,-1,95.3830561911373
8.015400365,0.78504929308696,-1.99995E-005,0,0.002964600135,0,0,-1,94.5475974082664
8.037360366,0.782972271913447,-1.99995E-005,0,0.002942640134,0,0,-1,94.6164352812222
8.059320367,0.780883408072934,-1.99995E-005,0,0.002920680133,0,0,-1,95.3920601358905
8.081280368,0.778791936629464,-1.99995E-005,0,0.002898720132,0,0,-1,94.7534707765961
8.103240369,0.776715083661725,-1.99995E-005,0,0.002876760131,0,0,-1,94.5954182028164
8.12520037,0.774630375660985,-1.99995E-005,0,0.00285480013,0,0,-1,95.4032088386036
8.147160371,0.77252486270568,-1.99995E-005,0,0.002832840129,0,0,-1,96.386171333532
8.169120372,0.77039768328136,-1.99995E-005,0,0.002810880128,0,0,-1,97.2787615480296
8.191080373,0.768264956396396,-1.99995E-005,0,0.002788920127,0,0,-1,96.7931023895321
8.213040374,0.766146573678121,-1.99995E-005,0,0.002766960126,0,0,-1,96.1379196331194
8.235000375,0.764032404745483,-1.99995E-005,0,0.002745000125,0,0,-1,96.2579785624215
8.256960376,0.761919887990825,-1.99995E-005,0,0.002723040124,0,0,-1,96.0849661062041
8.278920377,0.759811252121219,-1.99995E-005,0,0.002701080123,0,0,-1,96.1584263080905
8.300880378,0.757701314857035,-1.99995E-005,0,0.002679120122,0,0,-1,96.0001675927665
8.322840379,0.755592715302123,-1.99995E-005,0,0.002657160121,0,0,-1,96.0643088971528
8.34480038,0.753482137718033,-1.99995E-005,0,0.00263520012,0,0,-1,96.1975252522836
8.366760381,0.751369933408137,-1.99995E-005,0,0.002613240119,0,0,-1,96.1708002223799
8.388720382,0.749258228654098,-1.99995E-005,0,0.002591280118,0,0,-1,96.1666118165149
8.410680383,0.747146054411755,-1.99995E-005,0,0.002569320117,0,0,-1,96.1839846318405
8.432640384,0.745034356197604,-1.99995E-005,0,0.002547360116,0,0,-1,96.1382483362786
8.454600385,0.742922905040509,-1.99995E-005,0,0.002525400115,0,0,-1,96.2163816143521
8.476560386,0.740808227678961,-1.99995E-005,0,0.002503440114,0,0,-1,96.3134295313137
8.498520387,0.738694308594316,-1.99995E-005,0,0.002481480113,0,0,-1,96.211068499909
8.520480388,0.736580228021273,-1.99995E-005,0,0.002459520112,0,0,-1,96.2916177531269
8.542440389,0.734466960785759,-1.99995E-005,0,0.002437560111,0,0,-1,96.2194535685647
8.56440039,0.732352167029084,-1.99995E-005,0,0.00241560011,0,0,-1,96.4087675126422
8.586360391,0.730236063063582,-1.99995E-005,0,0.002393640109,0,0,-1,96.3228075778573
8.608320392,0.728121853051525,-1.99995E-005,0,0.002371680108,0,0,-1,96.277195318934
8.630280393,0.726007034014036,-1.99995E-005,0,0.002349720107,0,0,-1,96.3136164053202
8.652240394,0.723892737589823,-1.99995E-005,0,0.002327760106,0,0,-1,96.2400990287026
8.674200395,0.721779994312701,-1.99995E-005,0,0.002305800105,0,0,-1,96.2053292115679
8.696160396,0.719666203975295,-1.99995E-005,0,0.002283840104,0,0,-1,96.3053672921472
8.718120397,0.717554272917098,-1.99995E-005,0,0.002261880103,0,0,-1,96.0894852872939
8.740080398,0.715442137380653,-1.99995E-005,0,0.002239920102,0,0,-1,96.2725766675383
8.762040399,0.713328800065709,-1.99995E-005,0,0.002217960101,0,0,-1,96.194425237859
8.7840004,0.711216621690735,-1.99995E-005,0,0.0021960001,0,0,-1,96.2310189723408
8.805960401,0.70910402738317,-1.99995E-005,0,0.002174040099,0,0,-1,96.2063629575204
8.827920402,0.70699107710887,-1.99995E-005,0,0.002152080098,0,0,-1,96.1880039388201
8.849880403,0.704877936827593,-1.99995E-005,0,0.002130120097,0,0,-1,96.2472627468814
8.871840404,0.702763963516086,-1.99995E-005,0,0.002108160096,0,0,-1,96.3002987907544
8.893800405,0.700649081499918,-1.99995E-005,0,0.002086200095,0,0,-1,96.3118979179788
8.915760406,0.698533925927625,-1.99995E-005,0,0.002064240094,0,0,-1,96.3417574762318
8.937720407,0.696419260812961,-1.99995E-005,0,0.002042280093,0,0,-1,96.2506849980654
8.959680408,0.694306146028141,-1.99995E-005,0,0.002020320092,0,0,-1,96.2635745016265
8.981640409,0.692192305404746,-1.99995E-005,0,0.001998360091,0,0,-1,96.2537776965432
9.00360041,0.690078817092611,-1.99995E-005,0,0.00197640009,0,0,-1,96.2471823344581
9.025560411,0.687964942477156,-1.99995E-005,0,0.001954440089,0,0,-1,96.2642396947236
9.047520412,0.685850985951083,-1.99995E-005,0,0.001932480088,0,0,-1,96.2814847371791
9.069480413,0.68373674386402,-1.99995E-005,0,0.001910520087,0,0,-1,96.2444414177651
9.091440414,0.681623061190049,-1.99995E-005,0,0.001888560086,0,0,-1,96.2993815172912
9.113400415,0.67950827802748,-1.99995E-005,0,0.001866600085,0,0,-1,96.3040452294397
9.135360416,0.677393991912486,-1.99995E-005,0,0.001844640084,0,0,-1,96.2642222210703
9.157320417,0.67527989758737,-1.99995E-005,0,0.001822680083,0,0,-1,96.2909357716068
9.179280418,0.673165050945846,-1.99995E-005,0,0.001800720082,0,0,-1,96.2833867615124
9.201240419,0.671050642694487,-1.99995E-005,0,0.001778760081,0,0,-1,96.3142853031935
9.22320042,0.668936079542781,-1.99995E-005,0,0.00175680008,0,0,-1,96.2072529188755
9.245160421,0.666823473723624,-1.99995E-005,0,0.001734840079,0,0,-1,96.1976398820352
9.267120422,0.664709365015711,-1.99995E-005,0,0.001712880078,0,0,-1,96.2287244193206
9.289080423,0.66259623000099,-1.99995E-005,0,0.001690920077,0,0,-1,96.2523836123111
9.311040424,0.660482278629142,-1.99995E-005,0,0.001668960076,0,0,-1,96.2084653774535
9.333000425,0.658369468872558,-1.99995E-005,0,0.001647000075,0,0,-1,96.2150009588941
9.354960426,0.656256160027791,-1.99995E-005,0,0.001625040074,0,0,-1,96.2141610688322
9.376920427,0.65414263471594,-1.99995E-005,0,0.001603080073,0,0,-1,96.2854042296333
9.398880428,0.652028141180411,-1.99995E-005,0,0.001581120072,0,0,-1,96.2689027029497
9.420840429,0.649913858167991,-1.99995E-005,0,0.001559160071,0,0,-1,96.2887399328131
9.44280043,0.647799570666163,-1.99995E-005,0,0.00153720007,0,0,-1,96.2760442672655
9.464760431,0.64568517260861,-1.99995E-005,0,0.001515240069,0,0,-1,96.2701139845634
9.486720432,0.643571644934702,-1.99995E-005,0,0.001493280068,0,0,-1,96.2256341543779
9.508680433,0.641458561335504,-1.99995E-005,0,0.001471320067,0,0,-1,96.2134372259785
9.530640434,0.639345916507585,-1.99995E-005,0,0.001449360066,0,0,-1,96.2401448408659
9.552600435,0.637231949210353,-1.99995E-005,0,0.001427400065,0,0,-1,96.265064718004
9.574560436,0.635118878254043,-1.99995E-005,0,0.001405440064,0,0,-1,96.1846829912358
9.596520437,0.633006251596685,-1.99995E-005,0,0.001383480063,0,0,-1,96.2352711574821
9.618480438,0.630892879078273,-1.99995E-005,0,0.001361520062,0,0,-1,96.223417667867
9.640440439,0.628779013364675,-1.99995E-005,0,0.001339560061,0,0,-1,96.2900884435567
9.66240044,0.626665405076082,-1.99995E-005,0,0.00131760006,0,0,-1,96.1923453306018
9.684360441,0.624552458511824,-1.99995E-005,0,0.001295640059,0,0,-1,96.224551907707
9.706320442,0.62243937621078,-1.99995E-005,0,0.001273680058,0,0,-1,96.2231316813655
9.728280443,0.620326777858543,-1.99995E-005,0,0.001251720057,0,0,-1,96.1458592975955
9.750240444,0.618215027265982,-1.99995E-005,0,0.001229760056,0,0,-1,96.2137774316411
9.772200445,0.616102786568431,-1.99995E-005,0,0.001207800055,0,0,-1,96.1578620370121
9.794160446,0.613990603206297,-1.99995E-005,0,0.001185840054,0,0,-1,96.1742302994721
9.816120447,0.611879611100893,-1.99995E-005,0,0.001163880053,0,0,-1,96.1274170735907
9.838080448,0.609767971493923,-1.99995E-005,0,0.001141920052,0,0,-1,96.202739630975
9.860040449,0.607655100256746,-1.99995E-005,0,0.001119960051,0,0,-1,96.2207719837835
9.88200045,0.605541991468285,-1.99995E-005,0,0.00109800005,0,0,-1,96.2256844085833
9.903960451,0.603429016798006,-1.99995E-005,0,0.001076040049,0,0,-1,96.1314226632028
9.925920452,0.601317080998652,-1.99995E-005,0,0.001054080048,0,0,-1,96.2124483005497
9.947880453,0.599202794697591,-1.99995E-005,0,0.001032120047,0,0,-1,96.2828291554521
9.969840454,0.597089485794049,-1.99995E-005,0,0.001010160046,0,0,-1,96.1934299088526
9.991800455,0.594977167521672,-1.99995E-005,0,0.000988200045,0,0,-1,96.1815229823007
10.013760456,0.592865197435456,-1.99995E-005,0,0.000966240044,0,0,-1,96.1659094199068
10.035720457,0.590753697098205,-1.99995E-005,0,0.000944280043,0,0,-1,96.1425160688871
10.057680458,0.588641258774731,-1.99995E-005,0,0.000922320042,0,0,-1,96.1546893177145
10.079640459,0.586529237852861,-1.99995E-005,0,0.000900360041,0,0,-1,96.2100993707623
10.10160046,0.584416292808987,-1.99995E-005,0,0.00087840004,0,0,-1,96.2075286036582
10.123560461,0.58230393092224,-1.99995E-005,0,0.000856440039,0,0,-1,96.191922770517
10.145520462,0.58019154211571,-1.99995E-005,0,0.000834480038,0,0,-1,96.1839350631758
10.167480463,0.578079960348284,-1.99995E-005,0,0.000812520037,0,0,-1,96.1368496940199
10.189440464,0.575968693966974,-1.99995E-005,0,0.000790560036,0,0,-1,96.1907674916311
10.211400465,0.573856171259908,-1.99995E-005,0,0.000768600035,0,0,-1,96.1566394491897
10.233360466,0.571744231397507,-1.99995E-005,0,0.000746640033999999,0,0,-1,96.1876015552346
10.255320467,0.569632220502652,-1.99995E-005,0,0.000724680032999999,0,0,-1,96.1592065457925
10.277280468,0.567521329815627,-1.99995E-005,0,0.000702720032000001,0,0,-1,96.0920025661439
10.299240469,0.56541094391082,-1.99995E-005,0,0.000680760031000001,0,0,-1,96.1065980172204
10.32120047,0.5633003932008,-1.99995E-005,0,0.000658800030000001,0,0,-1,96.1111263826506
10.343160471,0.561188020908889,-1.99995E-005,0,0.000636840029000001,0,0,-1,96.1971411137323
10.365120472,0.559076338456205,-1.99995E-005,0,0.000614880028000001,0,0,-1,96.2080576270416
10.387080473,0.556964607998177,-1.99995E-005,0,0.000592920027000001,0,0,-1,96.1500372833967
10.409040474,0.554852811097838,-1.99995E-005,0,0.000570960026000001,0,0,-1,96.1720031457804
10.431000475,0.552742088303216,-1.99995E-005,0,0.000549000025000001,0,0,-1,96.0749709492363
10.452960476,0.550631376715737,-1.99995E-005,0,0.000527040024000001,0,0,-1,96.1485982842401
10.474920477,0.548519297210278,-1.99995E-005,0,0.000505080023000001,0,0,-1,96.1844120908687
10.496880478,0.546409154069298,-1.99995E-005,0,0.000483120022,0,0,-1,96.0275791439394
10.518840479,0.544299494073783,-1.99995E-005,0,0.000461160021,0,0,-1,96.1161257183845
10.54080048,0.542188243933506,-1.99995E-005,0,0.00043920002,0,0,-1,96.1603844385227
10.562760481,0.540077507067633,-1.99995E-005,0,0.000417240019000002,0,0,-1,96.0744093208499
10.584720482,0.537967684176799,-1.99995E-005,0,0.000395280018000002,0,0,-1,96.1156978591979
10.606680483,0.535856490270161,-1.99995E-005,0,0.000373320017000002,0,0,-1,96.1350342638704
10.628640484,0.533745937076416,-1.99995E-005,0,0.000351360016000002,0,0,-1,96.0979983929037
10.650600485,0.531635589405673,-1.99995E-005,0,0.000329400015000002,0,0,-1,96.1424631576541
10.672560486,0.529524353343005,-1.99995E-005,0,0.000307440014000002,0,0,-1,96.1289814690321
10.694520487,0.52741318833548,-1.99995E-005,0,0.000285480013000002,0,0,-1,96.1302674839283
10.716480488,0.525302340652956,-1.99995E-005,0,0.000263520012000002,0,0,-1,96.0952543176897
10.738440489,0.523192400784939,-1.99995E-005,0,0.000241560011000002,0,0,-1,96.0584328597344
10.76040049,0.521083104090625,-1.99995E-005,0,0.000219600010000002,0,0,-1,96.0450824646973
10.782360491,0.518974201460784,-1.99995E-005,0,0.000197640009000001,0,0,-1,96.0482358364559
10.804320492,0.516864482732848,-1.99995E-005,0,0.000175680008000001,0,0,-1,96.0851965570202
10.826280493,0.51475422913733,-1.99995E-005,0,0.000153720007000001,0,0,-1,96.1384496570301
10.848240494,0.512643828664727,-1.99995E-005,0,0.000131760006000001,0,0,-1,96.1507358705668
10.870200495,0.510532396311981,-1.99995E-005,0,0.000109800005000001,0,0,-1,96.1571100302715
10.892160496,0.508420942800697,-1.99995E-005,0,8.78400040000011E-005,0,0,-1,96.1771583290482
10.914120497,0.506308768313785,-1.99995E-005,0,6.58800030000011E-005,0,0,-1,96.1417029841405
10.936080498,0.504198274349244,-1.99995E-005,0,4.3920002000001E-005,0,0,-1,96.0990259216867
10.958040499,0.502087688120759,-1.99995E-005,0,2.1960001000001E-005,0,0,-1,96.1201324180873
10.9800005,0.499977281258194,-1.99995E-005,0,8.86843495775252E-019,0,0,-1,96.0636894079915
11.001960501,0.497868015287034,-1.99995E-005,0,-2.19600009999983E-005,0,0,-1,96.0574510091991
11.023920502,0.49575847527692,-1.99995E-005,0,-4.39200020000001E-005,0,0,-1,96.0551737947372
11.045880503,0.49364975166704,-1.99995E-005,0,-6.58800029999993E-005,0,0,-1,95.9961480498646
11.067840504,0.491540532625252,-1.99995E-005,0,-8.78400039999993E-005,0,0,-1,96.0899159287324
11.089800505,0.489429942014865,-1.99995E-005,0,-0.000109800004999999,0,0,-1,96.0872942541245
11.111760506,0.487319622051108,-1.99995E-005,0,-0.000131760005999999,0,0,-1,96.1094150043766
11.133720507,0.485208216422072,-1.99995E-005,0,-0.000153720007,0,0,-1,96.1660991374142
11.155680508,0.483096666003226,-1.99995E-005,0,-0.000175680008,0,0,-1,96.1154469044524
11.177640509,0.480986202915704,-1.99995E-005,0,-0.000197640009,0,0,-1,96.1219066072823
11.19960051,0.478875130368155,-1.99995E-005,0,-0.00021960001,0,0,-1,96.0538557345063
11.221560511,0.476766654931396,-1.99995E-005,0,-0.000241560010999999,0,0,-1,96.0096854664508
11.243520512,0.474656971897529,-1.99995E-005,0,-0.000263520012000001,0,0,-1,96.0857256490838
11.265480513,0.472547602991741,-1.99995E-005,0,-0.000285480013,0,0,-1,96.0242016663065
11.287440514,0.470439008710336,-1.99995E-005,0,-0.000307440014,0,0,-1,96.112945934253
11.309400515,0.468328845238468,-1.99995E-005,0,-0.000329400015,0,0,-1,96.0695108759867
11.331360516,0.466218864099357,-1.99995E-005,0,-0.000351360015999999,0,0,-1,96.1027734798728
11.353320517,0.464108239881912,-1.99995E-005,0,-0.000373320017000001,0,0,-1,96.0915166292716
11.375280518,0.461997572379274,-1.99995E-005,0,-0.000395280018,0,0,-1,96.1309640374001
11.397240519,0.459886558479189,-1.99995E-005,0,-0.000417240019,0,0,-1,96.130362976326
11.41920052,0.457775627658926,-1.99995E-005,0,-0.000439200019999999,0,0,-1,96.1102745177595
11.441160521,0.455665886280804,-1.99995E-005,0,-0.000461160020999999,0,0,-1,96.0634612397353
11.463120522,0.453556166942935,-1.99995E-005,0,-0.000483120021999999,0,0,-1,96.0707683522402
11.485080523,0.45144653129446,-1.99995E-005,0,-0.000505080022999999,0,0,-1,96.0595171976643
11.507040524,0.449336948261047,-1.99995E-005,0,-0.000527040023999998,0,0,-1,96.0758996901664
11.529000525,0.447227300511954,-1.99995E-005,0,-0.000549000025,0,0,-1,96.0613719768201
11.550960526,0.445117733640998,-1.99995E-005,0,-0.000570960025999999,0,0,-1,96.0547586395982
11.572920527,0.443008276146248,-1.99995E-005,0,-0.000592920026999999,0,0,-1,96.048354132082
11.594880528,0.440898445665626,-1.99995E-005,0,-0.000614880027999999,0,0,-1,96.1066021019608
11.616840529,0.438787680637344,-1.99995E-005,0,-0.000636840028999998,0,0,-1,96.1306412644816
11.63880053,0.43667668061448,-1.99995E-005,0,-0.00065880003,0,0,-1,96.1183601564754
11.660760531,0.434565288347057,-1.99995E-005,0,-0.000680760030999999,0,0,-1,96.1477536903479
11.682720532,0.432454731466053,-1.99995E-005,0,-0.000702720031999999,0,0,-1,96.0705327299547
11.704680533,0.430345107259417,-1.99995E-005,0,-0.000724680032999999,0,0,-1,96.0820318726478
11.726640534,0.428235529970921,-1.99995E-005,0,-0.000746640033999999,0,0,-1,96.0470384763366
11.748600535,0.426125397866524,-1.99995E-005,0,-0.000768600035,0,0,-1,96.0953258542425
11.770560536,0.424015167490203,-1.99995E-005,0,-0.000790560035999999,0,0,-1,96.1001547151546
11.792520537,0.42190460707529,-1.99995E-005,0,-0.000812520037,0,0,-1,96.12394054274
11.814480538,0.419793913117465,-1.99995E-005,0,-0.000834480038,0,0,-1,96.106830104835
11.836440539,0.417682252907328,-1.99995E-005,0,-0.000856440038999999,0,0,-1,96.1827959488133
11.85840054,0.415570655646974,-1.99995E-005,0,-0.000878400040000001,0,0,-1,96.1602285123077
11.880360541,0.413458956606576,-1.99995E-005,0,-0.000900360041,0,0,-1,96.1551086596468
11.902320542,0.411347224777185,-1.99995E-005,0,-0.000922320042,0,0,-1,96.1693807837012
11.924280543,0.409235429850224,-1.99995E-005,0,-0.000944280043,0,0,-1,96.1523673125513
11.946240544,0.40712526009388,-1.99995E-005,0,-0.000966240043999999,0,0,-1,96.0364872837981
11.968200545,0.4050150065229,-1.99995E-005,0,-0.000988200045000001,0,0,-1,96.1090450962887
11.990160546,0.402904609925501,-1.99995E-005,0,-0.001010160046,0,0,-1,96.099484687106
12.012120547,0.40079435147587,-1.99995E-005,0,-0.001032120047,0,0,-1,96.0893310696718
12.034080548,0.398684030766544,-1.99995E-005,0,-0.001054080048,0,0,-1,96.1164784142366
12.056040549,0.396572931806051,-1.99995E-005,0,-0.001076040049,0,0,-1,96.1511259916987
12.07800055,0.394461426931985,-1.99995E-005,0,-0.00109800005,0,0,-1,96.1703675181762
12.099960551,0.392349130588496,-1.99995E-005,0,-0.001119960051,0,0,-1,96.1496539932727
12.121920552,0.390237652853809,-1.99995E-005,0,-0.001141920052,0,0,-1,96.1524988788963
12.143880553,0.388125972451554,-1.99995E-005,0,-0.001163880053,0,0,-1,96.1512457377973
12.165840554,0.38601469810917,-1.99995E-005,0,-0.001185840054,0,0,-1,96.1498506717528
12.187800555,0.383904267888829,-1.99995E-005,0,-0.001207800055,0,0,-1,96.0609742359427
12.209760556,0.381794653859862,-1.99995E-005,0,-0.001229760056,0,0,-1,96.0760647693487
12.231720557,0.379683967227433,-1.99995E-005,0,-0.001251720057,0,0,-1,96.1244545077006
12.253680558,0.377573625271595,-1.99995E-005,0,-0.001273680058,0,0,-1,96.1757261712795
12.275640559,0.375462258132285,-1.99995E-005,0,-0.001295640059,0,0,-1,96.1684464300262
12.29760056,0.373350279075598,-1.99995E-005,0,-0.00131760006,0,0,-1,96.175314614287
12.319560561,0.371238282509779,-1.99995E-005,0,-0.001339560061,0,0,-1,96.1901614004471
12.341520562,0.369126047196108,-1.99995E-005,0,-0.001361520062,0,0,-1,96.180987733056
12.363480563,0.367014588782545,-1.99995E-005,0,-0.001383480063,0,0,-1,96.1598091252801
12.385440564,0.364902627288318,-1.99995E-005,0,-0.001405440064,0,0,-1,96.1864019907348
12.407400565,0.362790112787419,-1.99995E-005,0,-0.001427400065,0,0,-1,96.2006596623105
12.429360566,0.360677695206445,-1.99995E-005,0,-0.001449360066,0,0,-1,96.1549800996161
12.451320567,0.358566131747303,-1.99995E-005,0,-0.001471320067,0,0,-1,96.1549800996161
12.473280568,0.356454603432311,-1.99995E-005,0,-0.001493280068,0,0,-1,96.1447739169533
12.495240569,0.354343198969371,-1.99995E-005,0,-0.001515240069,0,0,-1,96.1462524231424
12.51720057,0.352231736709617,-1.99995E-005,0,-0.00153720007,0,0,-1,96.1610690310498
12.539160571,0.350119396439975,-1.99995E-005,0,-0.001559160071,0,0,-1,96.2090263978324
12.561120572,0.348006764561891,-1.99995E-005,0,-0.001581120072,0,0,-1,96.1936128725719
12.583080573,0.345894052760848,-1.99995E-005,0,-0.001603080073,0,0,-1,96.2488157734424
12.605040574,0.343780791676747,-1.99995E-005,0,-0.001625040074,0,0,-1,96.2055553394608
12.627000575,0.341667965379697,-1.99995E-005,0,-0.001647000075,0,0,-1,96.2226137726974
12.648960576,0.339555304949676,-1.99995E-005,0,-0.001668960076,0,0,-1,96.2026445269662
12.670920577,0.337442643057457,-1.99995E-005,0,-0.001690920077,0,0,-1,96.2192950991753
12.692880578,0.335330161527893,-1.99995E-005,0,-0.001712880078,0,0,-1,96.1820652872991
12.714840579,0.333218075265534,-1.99995E-005,0,-0.001734840079,0,0,-1,96.1755090460088
12.73680058,0.331106022996505,-1.99995E-005,0,-0.00175680008,0,0,-1,96.189612108558
12.758760581,0.328993477569222,-1.99995E-005,0,-0.001778760081,0,0,-1,96.2039415622404
12.780720582,0.326880737913835,-1.99995E-005,0,-0.001800720082,0,0,-1,96.2133040815001
12.802680583,0.324768245270049,-1.99995E-005,0,-0.001822680083,0,0,-1,96.1920567063279
12.824640584,0.322655680748355,-1.99995E-005,0,-0.001844640084,0,0,-1,96.2168215036432
12.846600585,0.320542365017875,-1.99995E-005,0,-0.001866600085,0,0,-1,96.2421900128173
12.868560586,0.318429370504836,-1.99995E-005,0,-0.001888560086,0,0,-1,96.1910290913316
12.890520587,0.316316835651117,-1.99995E-005,0,-0.001910520087,0,0,-1,96.2074005553449
12.912480588,0.314203542611746,-1.99995E-005,0,-0.001932480088,0,0,-1,96.2249869135054
12.934440589,0.312091048021945,-1.99995E-005,0,-0.001954440089,0,0,-1,96.1688094980139
12.95640059,0.309979320705856,-1.99995E-005,0,-0.00197640009,0,0,-1,96.156715404005
12.978360591,0.307867505755483,-1.99995E-005,0,-0.001998360091,0,0,-1,96.1773420129353
13.000320592,0.305755324762349,-1.99995E-005,0,-0.002020320092,0,0,-1,96.1845404333881
13.022280593,0.303643205125342,-1.99995E-005,0,-0.002042280093,0,0,-1,96.1815401809131
13.044240594,0.301530707214064,-1.99995E-005,0,-0.002064240094,0,0,-1,96.2135249448145
13.066200595,0.299417635694213,-1.99995E-005,0,-0.002086200095,0,0,-1,96.2273926721209
13.088160596,0.29730443190371,-1.99995E-005,0,-0.002108160096,0,0,-1,96.2319601760823
13.110120597,0.295191204060176,-1.99995E-005,0,-0.002130120097,0,0,-1,96.2297160476575
13.132080598,0.293078020331308,-1.99995E-005,0,-0.002152080098,0,0,-1,96.2278096936748
13.154040599,0.290964878465974,-1.99995E-005,0,-0.002174040099,0,0,-1,96.225903339692
13.1760006,0.288852429174496,-1.99995E-005,0,-0.0021960001,0,0,-1,96.1858901176498
13.197960601,0.286740189743152,-1.99995E-005,0,-0.002217960101,0,0,-1,96.1904417583937
13.219920602,0.284627778416859,-1.99995E-005,0,-0.002239920102,0,0,-1,96.196170169144
13.241880603,0.282515388948182,-1.99995E-005,0,-0.002261880103,0,0,-1,96.1839977700581
13.263840604,0.280402913437948,-1.99995E-005,0,-0.002283840104,0,0,-1,96.2090271877686
13.285800605,0.278289455207076,-1.99995E-005,0,-0.002305800105,0,0,-1,96.2544949755604
13.307760606,0.276176210043315,-1.99995E-005,0,-0.002327760106,0,0,-1,96.2077743593649
13.329720607,0.274063341761161,-1.99995E-005,0,-0.002349720107,0,0,-1,96.2324386327527
13.351680608,0.271949747108973,-1.99995E-005,0,-0.002371680108,0,0,-1,96.2576464390051
13.373640609,0.269836292316136,-1.99995E-005,0,-0.002393640109,0,0,-1,96.2181392905566
13.39560061,0.267723408698103,-1.99995E-005,0,-0.00241560011,0,0,-1,96.2107671856879
13.417560611,0.265610694869667,-1.99995E-005,0,-0.002437560111,0,0,-1,96.2132490839577
13.439520612,0.263498097065974,-1.99995E-005,0,-0.002459520112,0,0,-1,96.1909137111629
13.461480613,0.26138579325802,-1.99995E-005,0,-0.002481480113,0,0,-1,96.2024314404778
13.483440614,0.259272804053608,-1.99995E-005,0,-0.002503440114,0,0,-1,96.2373780487386
13.505400615,0.257159177749325,-1.99995E-005,0,-0.002525400115,0,0,-1,96.2415413281966
13.527360616,0.255045520114362,-1.99995E-005,0,-0.002547360116,0,0,-1,96.2591452576162
13.549320617,0.25293186140786,-1.99995E-005,0,-0.002569320117,0,0,-1,96.2516613234719
13.571280618,0.250818448162056,-1.99995E-005,0,-0.002591280118,0,0,-1,96.222135233501
13.593240619,0.248705606475522,-1.99995E-005,0,-0.002613240119,0,0,-1,96.2151120489207
13.61520062,0.246592620649307,-1.99995E-005,0,-0.00263520012,0,0,-1,96.2243897721804
13.637160621,0.24447976709278,-1.99995E-005,0,-0.002657160121,0,0,-1,96.185428806622
13.659120622,0.242366611992839,-1.99995E-005,0,-0.002679120122,0,0,-1,96.2694895643496
13.681080623,0.240252462082171,-1.99995E-005,0,-0.002701080123,0,0,-1,96.2447923937467
13.703040624,0.238139683426808,-1.99995E-005,0,-0.002723040124,0,0,-1,96.1901819811694
13.725000625,0.236026735814441,-1.99995E-005,0,-0.002745000125,0,0,-1,96.2477284172438
13.746960626,0.233913242358962,-1.99995E-005,0,-0.002766960126,0,0,-1,96.227455176375
13.768920627,0.231800266176818,-1.99995E-005,0,-0.002788920127,0,0,-1,96.2181349373278
13.790880628,0.229686977795372,-1.99995E-005,0,-0.002810880128,0,0,-1,96.2483518017532
13.812840629,0.227573276863307,-1.99995E-005,0,-0.002832840129,0,0,-1,96.2480635073315
13.83480063,0.225459811543085,-1.99995E-005,0,-0.00285480013,0,0,-1,96.2351080756468
13.856760631,0.223346930365183,-1.99995E-005,0,-0.002876760131,0,0,-1,96.2159533054531
13.878720632,0.221233651787146,-1.99995E-005,0,-0.002898720132,0,0,-1,96.2547018150472
13.900680633,0.219120056582841,-1.99995E-005,0,-0.002920680133,0,0,-1,96.2472899026977
13.922640634,0.217006720368663,-1.99995E-005,0,-0.002942640134,0,0,-1,96.2226735590861
13.944600635,0.214894050650817,-1.99995E-005,0,-0.002964600135,0,0,-1,96.2004327762495
13.966560636,0.212781298923812,-1.99995E-005,0,-0.002986560136,0,0,-1,96.217748534824
13.988520637,0.210668111180583,-1.99995E-005,0,-0.003008520137,0,0,-1,96.245501372618
14.010480638,0.20855413802192,-1.99995E-005,0,-0.003030480138,0,0,-1,96.2839214323192
14.032440639,0.206441481087469,-1.99995E-005,0,-0.003052440139,0,0,-1,96.1867969404258
14.05440064,0.20432934957005,-1.99995E-005,0,-0.00307440014,0,0,-1,96.1698847423094
14.076360641,0.202217297802419,-1.99995E-005,0,-0.003096360141,0,0,-1,96.1949065839633
14.098320642,0.200104360528729,-1.99995E-005,0,-0.003118320142,0,0,-1,96.2642447204737
14.120280643,0.197990888134213,-1.99995E-005,0,-0.003140280143,0,0,-1,96.2167598080576
14.142240644,0.195878175501106,-1.99995E-005,0,-0.003162240144,0,0,-1,96.1527602685937
14.164200645,0.193765511144919,-1.99995E-005,0,-0.003184200145,0,0,-1,96.2574637735269
14.186160646,0.191653332100527,-1.99995E-005,0,-0.003206160146,0,0,-1,96.1759959247212
14.208120647,0.189541349201156,-1.99995E-005,0,-0.003228120147,0,0,-1,96.1610125048206
14.230080648,0.187429769745685,-1.99995E-005,0,-0.003250080148,0,0,-1,96.1536246231697
14.252040649,0.185318224467632,-1.99995E-005,0,-0.003272040149,0,0,-1,96.1571532693325
14.27400065,0.183206253599953,-1.99995E-005,0,-0.00329400015,0,0,-1,96.2012367329731
14.295960651,0.181093039205661,-1.99995E-005,0,-0.003315960151,0,0,-1,96.2590818519209
14.317920652,0.178978997335238,-1.99995E-005,0,-0.003337920152,0,0,-1,96.256951278184
14.339880653,0.176865577254519,-1.99995E-005,0,-0.003359880153,0,0,-1,96.2019097111277
14.361840654,0.174753495252561,-1.99995E-005,0,-0.003381840154,0,0,-1,96.1321175231484
14.383800655,0.172642824546431,-1.99995E-005,0,-0.003403800155,0,0,-1,96.0965354836747
14.405760656,0.17053230096358,-1.99995E-005,0,-0.003425760156,0,0,-1,96.126086866049
14.427720657,0.168420555509512,-1.99995E-005,0,-0.003447720157,0,0,-1,96.2104774770926
14.449680658,0.166306975901568,-1.99995E-005,0,-0.003469680158,0,0,-1,96.2629494338914
14.471640659,0.16419304534266,-1.99995E-005,0,-0.003491640159,0,0,-1,96.2392903794514
14.49360066,0.162079724919977,-1.99995E-005,0,-0.00351360016,0,0,-1,96.2408974226321
14.515560661,0.159966559653927,-1.99995E-005,0,-0.003535560161,0,0,-1,96.2008084003862
14.537520662,0.157854743028124,-1.99995E-005,0,-0.003557520162,0,0,-1,96.1322248484847
14.559480663,0.155743945525221,-1.99995E-005,0,-0.003579480163,0,0,-1,96.1092867133091
14.581440664,0.15363309373043,-1.99995E-005,0,-0.003601440164,0,0,-1,96.1439519354548
14.603400665,0.151521191723096,-1.99995E-005,0,-0.003623400165,0,0,-1,96.2042160044283
14.625360666,0.149407799757576,-1.99995E-005,0,-0.003645360166,0,0,-1,96.2606543792494
14.647320667,0.147293729804411,-1.99995E-005,0,-0.003667320167,0,0,-1,96.2721983896317
14.669280668,0.145179961093233,-1.99995E-005,0,-0.003689280168,0,0,-1,96.220941895543
14.691240669,0.143067464392349,-1.99995E-005,0,-0.003711240169,0,0,-1,96.1496399009823
14.71320067,0.140957081433177,-1.99995E-005,0,-0.00373320017,0,0,-1,96.0819356118222
14.735160671,0.138847209096305,-1.99995E-005,0,-0.003755160171,0,0,-1,96.0753837603034
14.757120672,0.136736501815082,-1.99995E-005,0,-0.003777120172,0,0,-1,96.1803855306042
14.779080673,0.134624159952062,-1.99995E-005,0,-0.003799080173,0,0,-1,96.2004675504044
14.801040674,0.132511377087867,-1.99995E-005,0,-0.003821040174,0,0,-1,96.2205495702047
14.823000675,0.130398187523209,-1.99995E-005,0,-0.003843000175,0,0,-1,96.2234460492455
14.844960676,0.12828593812289,-1.99995E-005,0,-0.003864960176,0,0,-1,96.1489860211636
14.866920677,0.126175233425129,-1.99995E-005,0,-0.003886920177,0,0,-1,96.097820079369
14.888880678,0.124065083001669,-1.99995E-005,0,-0.003908880178,0,0,-1,96.0834483513722
14.910840679,0.12195553862432,-1.99995E-005,0,-0.003930840179,0,0,-1,96.0763873073084
14.93280068,0.119845023390902,-1.99995E-005,0,-0.00395280018,0,0,-1,96.1471018863214
14.954760681,0.117732941902418,-1.99995E-005,0,-0.003974760181,0,0,-1,96.2047183197909
14.976720682,0.115619863896163,-1.99995E-005,0,-0.003996720182,0,0,-1,96.2367624596755
14.998680683,0.113506550931178,-1.99995E-005,0,-0.004018680183,0,0,-1,96.2121731893921
15.020640684,0.111395215642802,-1.99995E-005,0,-0.004040640184,0,0,-1,96.0755915201986
15.042600685,0.10928633352131,-1.99995E-005,0,-0.004062600185,0,0,-1,95.9901667183374
15.064560686,0.107177350485887,-1.99995E-005,0,-0.004084560186,0,0,-1,96.0460723485872
15.086520687,0.105068118447252,-1.99995E-005,0,-0.004106520187,0,0,-1,96.0610154096134
15.108480688,0.102956314223685,-1.99995E-005,0,-0.004128480188,0,0,-1,96.2418360768252
15.130440689,0.100842858930903,-1.99995E-005,0,-0.004150440189,0,0,-1,96.2380137201065
15.15240069,0.0987295104501122,-1.99995E-005,0,-0.00417240019,0,0,-1,96.2042127581345
15.174360691,0.0966186404457577,-1.99995E-005,0,-0.004194360191,0,0,-1,96.0395773809231
15.196320692,0.0945104481047014,-1.99995E-005,0,-0.004216320192,0,0,-1,95.9894919513459
15.218280693,0.0924029881255155,-1.99995E-005,0,-0.004238280193,0,0,-1,95.9522575815192
15.240240694,0.0902953193200885,-1.99995E-005,0,-0.004260240194,0,0,-1,96.0191464400298
15.262200695,0.0881850481765596,-1.99995E-005,0,-0.004282200195,0,0,-1,96.1460734125085
15.284160696,0.0860725246153983,-1.99995E-005,0,-0.004304160196,0,0,-1,96.2512535748804
15.306120697,0.0839594859330314,-1.99995E-005,0,-0.004326120197,0,0,-1,96.1930621031394
15.328080698,0.0818475187105488,-1.99995E-005,0,-0.004348080198,0,0,-1,96.1192066887238
15.350040699,0.0797387566647929,-1.99995E-005,0,-0.004370040199,0,0,-1,95.9415098671396
15.3720007,0.0776330892612478,-1.99995E-005,0,-0.0043920002,0,0,-1,95.8635666563204
15.393960701,0.0755278200398769,-1.99995E-005,0,-0.004413960201,0,0,-1,95.9150496003401
15.415920702,0.0734206249288777,-1.99995E-005,0,-0.004435920202,0,0,-1,96.0223817890252
15.437880703,0.0713104947223926,-1.99995E-005,0,-0.004457880203,0,0,-1,96.1448521000838
15.459840704,0.0691995997403621,-1.99995E-005,0,-0.004479840204,0,0,-1,96.0662383664284
15.481800705,0.067091035447897,-1.99995E-005,0,-0.004501800205,0,0,-1,95.9723454809963
15.503760706,0.0649848062252239,-1.99995E-005,0,-0.004523760206,0,0,-1,95.8469182311281
15.525720707,0.0628814440098315,-1.99995E-005,0,-0.004545720207,0,0,-1,95.7196321201221
15.547680708,0.0607794883279844,-1.99995E-005,0,-0.004567680208,0,0,-1,95.7396747318058
15.569640709,0.0586767116233906,-1.99995E-005,0,-0.004589640209,0,0,-1,95.7611658600866
15.59160071,0.0565738699608678,-1.99995E-005,0,-0.00461160021,0,0,-1,95.7481472967196
15.613560711,0.0544711722955865,-1.99995E-005,0,-0.004633560211,0,0,-1,95.7531928660154
15.635520712,0.0523687305917852,-1.99995E-005,0,-0.004655520212,0,0,-1,95.7260064110087
15.657480713,0.050268324232634,-1.99995E-005,0,-0.004677480213,0,0,-1,95.5638845684056
15.679440714,0.0481714411274471,-1.99995E-005,0,-0.004699440214,0,0,-1,95.4061205788727
15.701400715,0.046077653193313,-1.99995E-005,0,-0.004721400215,0,0,-1,95.2757773060928
15.723360716,0.043986737559703,-1.99995E-005,0,-0.004743360216,0,0,-1,95.145467748977
15.745320717,0.0418989364368794,-1.99995E-005,0,-0.004765320217,0,0,-1,94.997067698665
15.767280718,0.0398146443763075,-1.99995E-005,0,-0.004787280218,0,0,-1,94.8038351909724
15.789240719,0.0377354181999117,-1.99995E-005,0,-0.004809240219,0,0,-1,94.5543412413196
15.81120072,0.0356617644719981,-1.99995E-005,0,-0.00483120022,0,0,-1,94.3030024276186
15.833160721,0.0335953540742002,-1.99995E-005,0,-0.004853160221,0,0,-1,93.8530394554201
15.855120722,0.0315395890574802,-1.99995E-005,0,-0.004875120222,0,0,-1,93.3680780429313
15.877080723,0.0294956686294661,-1.99995E-005,0,-0.004897080223,0,0,-1,92.7813149388069
15.899040724,0.0274664755090413,-1.99995E-005,0,-0.004919040224,0,0,-1,92.0353591470242
15.921000725,0.0254561416486393,-1.99995E-005,0,-0.004941000225,0,0,-1,90.8970469412864
15.942960726,0.023485584371034,-1.99995E-005,0,-0.004962960226,0,0,-1,88.2177825883066
15.964920727,0.0214998376287573,-1.99995E-005,0,-0.004984920227,0,0,-1,93.4524379561402
15.986880728,0.019903512003289,-2.6879728E-005,0,-0.005,-1,0,0,21.1590335525168
16.008840729,0.019537725623508,-4.8839729E-005,0,-0.005,-1,0,0,12.1548428704373
16.03080073,0.0193699330131721,-7.07997300000001E-005,0,-0.005,-1,0,0,2.76407770873055
16.052760731,0.0193185551980808,-9.27597310000002E-005,0,-0.005,-1,0,0,1.91514021036187
16.074720732,0.0192858200513027,-0.000114719732,0,-0.005,-1,0,0,1.06620271199319
16.096680733,0.0192651411914468,-0.000136679733,0,-0.005,-1,0,0,0.881868622622767
16.118640734,0.019247427638181,-0.000158639734,0,-0.005,-1,0,0,0.73138752119924
16.140600735,0.0192330186500529,-0.000180599735,0,-0.005,-1,0,0,0.580906419775712
16.162560736,0.0192219142270626,-0.000202559736,0,-0.005,-1,0,0,0.430425318352186
16.184520737,0.0192140464977845,-0.000224519737000001,0,-0.005,-1,0,0,0.308800831382302
16.206480738,0.0192076248791243,-0.000246479738000001,0,-0.005,-1,0,0,0.276046014491857
16.228440739,0.0192019225562759,-0.000268439739000001,0,-0.005,-1,0,0,0.243291197601412
16.25040074,0.0191969395292391,-0.000290399740000001,0,-0.005,-1,0,0,0.210536380710967
16.272360741,0.019192675798014,-0.000312359741000001,0,-0.005,-1,0,0,0.177781563820522
16.294320742,0.0191891445072437,-0.000334319742000001,0,-0.005,-1,0,0,0.149004897564664
16.316280743,0.019186042494515,-0.000356279743000001,0,-0.005,-1,0,0,0.133509910039129
16.338240744,0.0191832807517278,-0.000378239744000001,0,-0.005,-1,0,0,0.118014922513595
16.360200745,0.0191808592788821,-0.000400199745000001,0,-0.005,-1,0,0,0.102519934988061
16.382160746,0.0191787786354668,-0.000422159746000001,0,-0.005,-1,0,0,0.0780967640822291
16.404120747,0.0191771103431569,-0.000444119747000001,0,-0.005,-1,0,0,0.073842419340772
16.426080748,0.0191755354762617,-0.000466079748000001,0,-0.005,-1,0,0,0.0695880745993148
16.448040749,0.0191740540347813,-0.000488039749000001,0,-0.005,-1,0,0,0.0653337298578577
16.47000075,0.0191726660187157,-0.000509999749999998,0,-0.005,-1,0,0,0.0610793851164013
16.491960751,0.0191713714280648,-0.000531959750999998,0,-0.005,-1,0,0,0.0568250403749442
16.513920752,0.0191701702628288,-0.000553919751999998,0,-0.005,-1,0,0,0.0525706956334871
16.535880753,0.0191690625230075,-0.000575879752999998,0,-0.005,-1,0,0,0.04831635089203
16.557840754,0.0191680482086009,-0.000597839753999998,0,-0.005,-1,0,0,0.0440620061505728
16.579800755,0.0191671273196092,-0.000619799754999998,0,-0.005,-1,0,0,0.0398076614091157
16.601760756,0.0191662998560323,-0.000641759755999998,0,-0.005,-1,0,0,0.0355533166676586
16.623720757,0.0191655658178701,-0.000663719756999998,0,-0.005,-1,0,0,0.0312989719262015
16.645680758,0.0191649252051227,-0.000685679757999998,0,-0.005,-1,0,0,0.0270446271847444
16.667640759,0.01916437801779,-0.000707639758999998,0,-0.005,-1,0,0,0.0227902824432873
16.68960076,0.019163931804357,-0.000729599759999999,0,-0.005,-1,0,0,0.0192241058737002
16.711560761,0.0191635278891155,-0.000751559760999998,0,-0.005,-1,0,0,0.0175623443164659
16.733520762,0.0191631604661595,-0.000773519761999999,0,-0.005,-1,0,0,0.0159005827592316
16.755480763,0.0191628295354889,-0.000795479762999998,0,-0.005,-1,0,0,0.0142388212019973
16.777440764,0.0191625350971038,-0.000817439763999999,0,-0.005,-1,0,0,0.012577059644763
16.799400765,0.0191622771510041,-0.000839399764999999,0,-0.005,-1,0,0,0.0109152980875287
16.821360766,0.01916205569719,-0.000861359765999999,0,-0.005,-1,0,0,0.00925353653029442
16.843320767,0.0191618707356612,-0.000883319766999999,0,-0.005,-1,0,0,0.00759177497306014
16.865280768,0.019161722266418,-0.000905279767999999,0,-0.005,-1,0,0,0.00593001341582585
16.887240769,0.0191616102894602,-0.000927239768999999,0,-0.005,-1,0,0,0.00426825185859156
16.90920077,0.0191615348047878,-0.000949199769999999,0,-0.005,-1,0,0,0.00260649030135727
16.931160771,0.0191614958124009,-0.000971159770999999,0,-0.005,-1,0,0,0.000944728744122986
16.953120772,0.0191614933122995,-0.000993119771999999,0,-0.005,-1,0,0,-0.000717032813111299
16.975080773,0.019104151086201,-0.001,0,-0.005015079773,0,0,-1,3.80340136362172
16.997040774,0.0190206167699351,-0.001,0,-0.005037039774,0,0,-1,3.80445951634152
17.019000775,0.0189370592166344,-0.001,0,-0.005058999775,0,0,-1,3.80551766906133
17.040960776,0.0188534784262989,-0.001,0,-0.005080959776,0,0,-1,3.80657582178114
17.062920777,0.0187698743989286,-0.001,0,-0.005102919777,0,0,-1,3.80763397450095
17.084880778,0.0186862471345236,-0.001,0,-0.005124879778,0,0,-1,3.80869212722075
17.106840779,0.0186025966330837,-0.001,0,-0.005146839779,0,0,-1,3.80975027994056
17.12880078,0.0185189228946091,-0.001,0,-0.00516879978,0,0,-1,3.81080843266037
17.150760781,0.0184352259190997,-0.001,0,-0.005190759781,0,0,-1,3.81186658538018
17.172720782,0.0183515057065554,-0.001,0,-0.005212719782,0,0,-1,3.81292473809999
17.194680783,0.0182677622569764,-0.001,0,-0.005234679783,0,0,-1,3.81398289081979
17.216640784,0.0181839955703627,-0.001,0,-0.005256639784,0,0,-1,3.8150410435396
17.238600785,0.0181002056467141,-0.001,0,-0.005278599785,0,0,-1,3.81609919625941
17.260560786,0.0180163924860308,-0.001,0,-0.005300559786,0,0,-1,3.81715734897922
17.282520787,0.0179325560883126,-0.001,0,-0.005322519787,0,0,-1,3.81821550169903
17.304480788,0.0178486964535597,-0.001,0,-0.005344479788,0,0,-1,3.81927365441883
17.326440789,0.017764813581772,-0.001,0,-0.005366439789,0,0,-1,3.82033180713864
17.34840079,0.0176809074729495,-0.001,0,-0.00538839979,0,0,-1,3.82138995985845
17.370360791,0.0175969781270922,-0.001,0,-0.005410359791,0,0,-1,3.82244811257826
17.392320792,0.0175130076928431,-0.001,0,-0.005432319792,0,0,-1,3.82454127442736
17.414280793,0.0174290162704878,-0.001,0,-0.005454279793,0,0,-1,3.82495039501523
17.436240794,0.0173450158638441,-0.001,0,-0.005476239794,0,0,-1,3.8253595156031
17.458200795,0.0172610064729118,-0.001,0,-0.005498199795,0,0,-1,3.82576863619098
17.480160796,0.017176988097691,-0.001,0,-0.005520159796,0,0,-1,3.82617775677885
17.502120797,0.0170929607381817,-0.001,0,-0.005542119797,0,0,-1,3.82658687736673
17.524080798,0.0170089243943839,-0.001,0,-0.005564079798,0,0,-1,3.8269959979546
17.546040799,0.0169248790662976,-0.001,0,-0.005586039799,0,0,-1,3.82740511854247
17.5680008,0.0168408247539227,-0.001,0,-0.0056079998,0,0,-1,3.82781423913035
17.589960801,0.0167567614572594,-0.001,0,-0.005629959801,0,0,-1,3.82822335971822
17.611920802,0.0166726891763075,-0.001,0,-0.005651919802,0,0,-1,3.82863248030609
17.633880803,0.016588607911067,-0.001,0,-0.005673879803,0,0,-1,3.82904160089396
17.655840804,0.0165045176615381,-0.001,0,-0.005695839804,0,0,-1,3.82945072148184
17.677800805,0.0164204184277207,-0.001,0,-0.005717799805,0,0,-1,3.82985984206971
17.699760806,0.0163363102096147,-0.001,0,-0.005739759806,0,0,-1,3.83026896265759
17.721720807,0.0162521930072202,-0.001,0,-0.005761719807,0,0,-1,3.83067808324546
17.743680808,0.0161680668205372,-0.001,0,-0.005783679808,0,0,-1,3.83108720383333
17.765640809,0.0160839316495657,-0.001,0,-0.005805639809,0,0,-1,3.83149632442121
17.78760081,0.0159997874943056,-0.001,0,-0.00582759981,0,0,-1,3.83190544500908
17.809560811,0.015915634354757,-0.001,0,-0.005849559811,0,0,-1,3.83231456559695
17.831520812,0.01583147223092,-0.001,0,-0.005871519812,0,0,-1,3.83272368618483
17.853480813,0.0157473011227944,-0.001,0,-0.005893479813,0,0,-1,3.8331328067727
17.875440814,0.0156631210303803,-0.001,0,-0.005915439814,0,0,-1,3.83354192736057
17.897400815,0.0155789319536776,-0.001,0,-0.005937399815,0,0,-1,3.83395104794845
17.919360816,0.0154947338926865,-0.001,0,-0.005959359816,0,0,-1,3.83436016853632
17.941320817,0.0154105268474068,-0.001,0,-0.005981319817,0,0,-1,3.83476928912419
17.963280818,0.0153263501404337,-0.001,0,-0.006003279818,0,0,-1,3.83265036168473
17.985240819,0.015242184078791,-0.001,0,-0.006025239819,0,0,-1,3.83274652446788
18.00720082,0.0151580159054135,-0.001,0,-0.00604719982,0,0,-1,3.83284268725104
18.029160821,0.0150738456203013,-0.001,0,-0.006069159821,0,0,-1,3.83293885003419
18.051120822,0.0149896732234542,-0.001,0,-0.006091119822,0,0,-1,3.83303501281735
18.073080823,0.0149054987148722,-0.001,0,-0.006113079823,0,0,-1,3.8331311756005
18.095040824,0.0148213220945555,-0.001,0,-0.006135039824,0,0,-1,3.83322733838365
18.117000825,0.014737143362504,-0.001,0,-0.006156999825,0,0,-1,3.83332350116681
18.138960826,0.0146529625187176,-0.001,0,-0.006178959826,0,0,-1,3.83341966394996
18.160920827,0.0145687795631965,-0.001,0,-0.006200919827,0,0,-1,3.83351582673312
18.182880828,0.0144845944959405,-0.001,0,-0.006222879828,0,0,-1,3.83361198951627
18.204840829,0.0144004073169497,-0.001,0,-0.006244839829,0,0,-1,3.83370815229943
18.22680083,0.0143162180262241,-0.001,0,-0.00626679983,0,0,-1,3.83380431508258
18.248760831,0.0142320266237636,-0.001,0,-0.006288759831,0,0,-1,3.83390047786574
18.270720832,0.0141478331095684,-0.001,0,-0.006310719832,0,0,-1,3.83399664064889
18.292680833,0.0140636374836384,-0.001,0,-0.006332679833,0,0,-1,3.83409280343205
18.314640834,0.0139794397459735,-0.001,0,-0.006354639834,0,0,-1,3.8341889662152
18.336600835,0.0138952398965738,-0.001,0,-0.006376599835,0,0,-1,3.83428512899835
18.358560836,0.0138110379354393,-0.001,0,-0.006398559836,0,0,-1,3.83438129178151
18.380520837,0.01372683386257,-0.001,0,-0.006420519837,0,0,-1,3.83447745456466
18.402480838,0.0136426276779659,-0.001,0,-0.006442479838,0,0,-1,3.83457361734782
18.424440839,0.0135584194243871,-0.001,0,-0.006464439839,0,0,-1,3.8346512396043
18.44640084,0.0134742103740884,-0.001,0,-0.00648639984,0,0,-1,3.83466082451561
18.468360841,0.013390001113305,-0.001,0,-0.006508359841,0,0,-1,3.83467040942692
18.490320842,0.013305791642037,-0.001,0,-0.006530319842,0,0,-1,3.83467999433823
18.512280843,0.0132215819602843,-0.001,0,-0.006552279843,0,0,-1,3.83468957924954
18.534240844,0.013137372068047,-0.001,0,-0.006574239844,0,0,-1,3.83469916416085
18.556200845,0.013053161965325,-0.001,0,-0.006596199845,0,0,-1,3.83470874907216
18.578160846,0.0129689516521183,-0.001,0,-0.006618159846,0,0,-1,3.83471833398347
18.600120847,0.012884741128427,-0.001,0,-0.006640119847,0,0,-1,3.83472791889478
18.622080848,0.012800530394251,-0.001,0,-0.006662079848,0,0,-1,3.83473750380609
18.644040849,0.0127163194495904,-0.001,0,-0.006684039849,0,0,-1,3.8347470887174
18.66600085,0.0126321082944451,-0.001,0,-0.00670599985,0,0,-1,3.83475667362871
18.687960851,0.0125478969288151,-0.001,0,-0.006727959851,0,0,-1,3.83476625854002
18.709920852,0.0124636853527005,-0.001,0,-0.006749919852,0,0,-1,3.83477584345132
18.731880853,0.0123794735661012,-0.001,0,-0.006771879853,0,0,-1,3.83478542836263
18.753840854,0.0122952615690172,-0.001,0,-0.006793839854,0,0,-1,3.83479501327394
18.775800855,0.0122110493614486,-0.001,0,-0.006815799855,0,0,-1,3.83480459818525
18.797760856,0.0121268369433953,-0.001,0,-0.006837759856,0,0,-1,3.83481418309656
18.819720857,0.0120426233709211,-0.001,0,-0.006859719857,0,0,-1,3.8348687485315
18.841680858,0.0119584096147211,-0.001,0,-0.006881679858,0,0,-1,3.83487190402952
18.863640859,0.0118741957892264,-0.001,0,-0.006903639859,0,0,-1,3.83487505952753
18.88560086,0.0117899818944369,-0.001,0,-0.00692559986,0,0,-1,3.83487821502554
18.907560861,0.0117057679303527,-0.001,0,-0.006947559861,0,0,-1,3.83488137052356
18.929520862,0.0116215538969738,-0.001,0,-0.006969519862,0,0,-1,3.83488452602157
18.951480863,0.0115373397943001,-0.001,0,-0.006991479863,0,0,-1,3.83488768151958
18.973440864,0.0114531256223316,-0.001,0,-0.007013439864,0,0,-1,3.8348908370176
18.995400865,0.0113689113810685,-0.001,0,-0.007035399865,0,0,-1,3.83489399251561
19.017360866,0.0112846970705106,-0.001,0,-0.007057359866,0,0,-1,3.83489714801363
19.039320867,0.0112004826906579,-0.001,0,-0.007079319867,0,0,-1,3.83490030351164
19.061280868,0.0111162682415105,-0.001,0,-0.007101279868,0,0,-1,3.83490345900965
19.083240869,0.0110320537230684,-0.001,0,-0.007123239869,0,0,-1,3.83490661450767
19.10520087,0.0109478391353315,-0.001,0,-0.00714519987,0,0,-1,3.83490977000568
19.127160871,0.0108636244782999,-0.001,0,-0.007167159871,0,0,-1,3.83491292550369
19.149120872,0.0107794097519736,-0.001,0,-0.007189119872,0,0,-1,3.83491608100171
19.171080873,0.0106951953490149,-0.001,0,-0.007211079873,0,0,-1,3.83488304336171
19.193040874,0.0106109813066198,-0.001,0,-0.007233039874,0,0,-1,3.83488367432724
19.215000875,0.0105267672503687,-0.001,0,-0.007254999875,0,0,-1,3.83488430529277
19.236960876,0.0104425531802616,-0.001,0,-0.007276959876,0,0,-1,3.8348849362583
19.258920877,0.0103583390962985,-0.001,0,-0.007298919877,0,0,-1,3.83488556722383
19.280880878,0.0102741249984794,-0.001,0,-0.007320879878,0,0,-1,3.83488619818936
19.302840879,0.0101899108868042,-0.001,0,-0.007342839879,0,0,-1,3.83488682915489
19.32480088,0.0101056967612731,-0.001,0,-0.00736479988,0,0,-1,3.83488746012042
19.346760881,0.010021482621886,-0.001,0,-0.007386759881,0,0,-1,3.83488809108595
19.368720882,0.00993726846864282,-0.001,0,-0.007408719882,0,0,-1,3.83488872205147
19.390680883,0.00985305430154369,-0.001,0,-0.007430679883,0,0,-1,3.83488935301701
19.412640884,0.00976884012058854,-0.001,0,-0.007452639884,0,0,-1,3.83488998398253
19.434600885,0.00968462592577739,-0.001,0,-0.007474599885,0,0,-1,3.83489061494806
19.456560886,0.00960041171711024,-0.001,0,-0.007496559886,0,0,-1,3.83489124591359
19.478520887,0.00951619749458709,-0.001,0,-0.007518519887,0,0,-1,3.83489187687912
19.500480888,0.00943198325820793,-0.001,0,-0.007540479888,0,0,-1,3.83489250784465
19.522440889,0.009347768973569,-0.001,0,-0.007562439889,0,0,-1,3.83490792092049
19.54440089,0.00926355438486653,-0.001,0,-0.00758439989,0,0,-1,3.83490855153526
19.566360891,0.00917933978231575,-0.001,0,-0.007606359891,0,0,-1,3.83490918215004
19.588320892,0.00909512516591667,-0.001,0,-0.007628319892,0,0,-1,3.83490981276481
19.610280893,0.0090109105356693,-0.001,0,-0.007650279893,0,0,-1,3.83491044337959
19.632240894,0.00892669589157362,-0.001,0,-0.007672239894,0,0,-1,3.83491107399436
19.654200895,0.00884248123362965,-0.001,0,-0.007694199895,0,0,-1,3.83491170460914
19.676160896,0.00875826656183737,-0.001,0,-0.007716159896,0,0,-1,3.83491233522391
19.698120897,0.00867405187619678,-0.001,0,-0.007738119897,0,0,-1,3.83491296583868
19.720080898,0.0085898371767079,-0.001,0,-0.007760079898,0,0,-1,3.83491359645346
19.742040899,0.00850562246337072,-0.001,0,-0.007782039899,0,0,-1,3.83491422706823
19.7640009,0.00842140773618523,-0.001,0,-0.0078039999,0,0,-1,3.83491485768301
19.785960901,0.00833719299515145,-0.001,0,-0.007825959901,0,0,-1,3.83491548829778
19.807920902,0.00825297824026937,-0.001,0,-0.007847919902,0,0,-1,3.83491611891256
19.829880903,0.00816876347153898,-0.001,0,-0.007869879903,0,0,-1,3.83491674952733
19.851840904,0.0080845486889603,-0.001,0,-0.007891839904,0,0,-1,3.83491738014211
19.873800905,0.00800033389253331,-0.001,0,-0.007913799905,0,0,-1,3.83491801075688
19.895760906,0.00791611816788715,-0.001,0,-0.007935759906,0,0,-1,3.83497533835242
19.917720907,0.00783190217355935,-0.001,0,-0.007957719907,0,0,-1,3.83496915097645
19.939680908,0.00774768631510632,-0.001,0,-0.007979679908,0,0,-1,3.83496296360046
19.961640909,0.00766347059252808,-0.001,0,-0.008001639909,0,0,-1,3.83495677622448
19.98360091,0.00757925500582463,-0.001,0,-0.00802359991,0,0,-1,3.83495058884851
20.005560911,0.00749503955499596,-0.001,0,-0.008045559911,0,0,-1,3.83494440147253
20.027520912,0.00741082424004207,-0.001,0,-0.008067519912,0,0,-1,3.83493821409655
20.049480913,0.00732660906096296,-0.001,0,-0.008089479913,0,0,-1,3.83493202672057
20.071440914,0.00724239401775863,-0.001,0,-0.008111439914,0,0,-1,3.83492583934459
20.093400915,0.00715817911042909,-0.001,0,-0.008133399915,0,0,-1,3.83491965196861
20.115360916,0.00707396433897433,-0.001,0,-0.008155359916,0,0,-1,3.83491346459263
20.137320917,0.00698974970339436,-0.001,0,-0.008177319917,0,0,-1,3.83490727721665
20.159280918,0.00690553520368916,-0.001,0,-0.008199279918,0,0,-1,3.83490108984067
20.181240919,0.00682132083985875,-0.001,0,-0.008221239919,0,0,-1,3.83489490246469
20.20320092,0.00673710661190312,-0.001,0,-0.00824319992,0,0,-1,3.83488871508871
20.225160921,0.00665289251982228,-0.001,0,-0.008265159921,0,0,-1,3.83488252771273
20.247120922,0.00656867867588598,-0.001,0,-0.008287119922,0,0,-1,3.83484165316788
20.269080923,0.00648446558378052,-0.001,0,-0.008309079923,0,0,-1,3.83483851719777
20.291040924,0.00640025256054097,-0.001,0,-0.008331039924,0,0,-1,3.83483538122766
20.313000925,0.00631603960616734,-0.001,0,-0.008352999925,0,0,-1,3.83483224525755
20.334960926,0.0062318267206596,-0.001,0,-0.008374959926,0,0,-1,3.83482910928744
20.356920927,0.00614761390401778,-0.001,0,-0.008396919927,0,0,-1,3.83482597331733
20.378880928,0.00606340115624185,-0.001,0,-0.008418879928,0,0,-1,3.83482283734722
20.400840929,0.00597918847733184,-0.001,0,-0.008440839929,0,0,-1,3.83481970137711
20.42280093,0.00589497586728773,-0.001,0,-0.00846279993,0,0,-1,3.834816565407
20.444760931,0.00581076332610953,-0.001,0,-0.008484759931,0,0,-1,3.83481342943689
20.466720932,0.00572655085379724,-0.001,0,-0.008506719932,0,0,-1,3.83481029346678
20.488680933,0.00564233845035084,-0.001,0,-0.008528679933,0,0,-1,3.83480715749667
20.510640934,0.00555812611577037,-0.001,0,-0.008550639934,0,0,-1,3.83480402152656
20.532600935,0.0054739138500558,-0.001,0,-0.008572599935,0,0,-1,3.83480088555645
20.554560936,0.00538970165320714,-0.001,0,-0.008594559936,0,0,-1,3.83479774958634
20.576520937,0.00530548952522438,-0.001,0,-0.008616519937,0,0,-1,3.83479461361623
20.598480938,0.00522127746610752,-0.001,0,-0.008638479938,0,0,-1,3.83479147764612
20.620440939,0.00513706547585657,-0.001,0,-0.008660439939,0,0,-1,3.83478834167601
20.64240094,0.00505285382824503,-0.001,0,-0.00868239994,0,0,-1,3.83477381243982
20.664360941,0.00496864216487229,-0.001,0,-0.008704359941,0,0,-1,3.83477623655568
20.686320942,0.00488443044826595,-0.001,0,-0.008726319942,0,0,-1,3.83477866067154
20.708280943,0.00480021867842603,-0.001,0,-0.008748279943,0,0,-1,3.8347810847874
20.730240944,0.00471600685535253,-0.001,0,-0.008770239944,0,0,-1,3.83478350890326
20.752200945,0.00463179497904543,-0.001,0,-0.008792199945,0,0,-1,3.83478593301912
20.774160946,0.00454758304950475,-0.001,0,-0.008814159946,0,0,-1,3.83478835713498
20.796120947,0.00446337106673049,-0.001,0,-0.008836119947,0,0,-1,3.83479078125085
20.818080948,0.00437915903072263,-0.001,0,-0.008858079948,0,0,-1,3.83479320536671
20.840040949,0.00429494694148119,-0.001,0,-0.008880039949,0,0,-1,3.83479562948257
20.86200095,0.00421073479900617,-0.001,0,-0.00890199995,0,0,-1,3.83479805359843
20.883960951,0.00412652260329755,-0.001,0,-0.008923959951,0,0,-1,3.83480047771429
20.905920952,0.00404231035435535,-0.001,0,-0.008945919952,0,0,-1,3.83480290183015
20.927880953,0.00395809805217957,-0.001,0,-0.008967879953,0,0,-1,3.83480532594601
20.949840954,0.00387388569677019,-0.001,0,-0.008989839954,0,0,-1,3.83480775006187
20.971800955,0.00378967328812724,-0.001,0,-0.009011799955,0,0,-1,3.83481017417773
20.993760956,0.00370546082625069,-0.001,0,-0.009033759956,0,0,-1,3.83481259829359
21.015720957,0.00362124831114056,-0.001,0,-0.009055719957,0,0,-1,3.83481502240945
21.037680958,0.00353703574279684,-0.001,0,-0.009077679958,0,0,-1,3.83481744652531
21.059640959,0.00345282300441833,-0.001,0,-0.009099639959,0,0,-1,3.83483905080695
21.08160096,0.00336860989922735,-0.001,0,-0.00912159996,0,0,-1,3.83484231131915
21.103560961,0.00328439672243552,-0.001,0,-0.009143559961,0,0,-1,3.83484557183136
21.125520962,0.00320018347404284,-0.001,0,-0.009165519962,0,0,-1,3.83484883234356
21.147480963,0.0031159701540493,-0.001,0,-0.009187479963,0,0,-1,3.83485209285577
21.169440964,0.00303175676245491,-0.001,0,-0.009209439964,0,0,-1,3.83485535336798
21.191400965,0.00294754329925966,-0.001,0,-0.009231399965,0,0,-1,3.83485861388018
21.213360966,0.00286332976446357,-0.001,0,-0.009253359966,0,0,-1,3.83486187439239
21.235320967,0.00277911615806663,-0.001,0,-0.009275319967,0,0,-1,3.83486513490459
21.257280968,0.00269490248006883,-0.001,0,-0.009297279968,0,0,-1,3.8348683954168
21.279240969,0.00261068873047018,-0.001,0,-0.009319239969,0,0,-1,3.83487165592901
21.30120097,0.00252647490927068,-0.001,0,-0.00934119997,0,0,-1,3.83487491644121
21.323160971,0.00244226101647033,-0.001,0,-0.009363159971,0,0,-1,3.83487817695342
21.345120972,0.00235804705206913,-0.001,0,-0.009385119972,0,0,-1,3.83488143746562
21.367080973,0.00227383301606708,-0.001,0,-0.009407079973,0,0,-1,3.83488469797783
21.389040974,0.00218961890846418,-0.001,0,-0.009429039974,0,0,-1,3.83488795849004
21.411000975,0.00210540472926042,-0.001,0,-0.009450999975,0,0,-1,3.83489121900224
21.432960976,0.00202119047845581,-0.001,0,-0.009472959976,0,0,-1,3.83489447951445
21.454920977,0.00193697615605036,-0.001,0,-0.009494919977,0,0,-1,3.83489774002665
21.476880978,0.00185276176204405,-0.001,0,-0.009516879978,0,0,-1,3.83490100053886
21.498840979,0.00176854724110529,-0.001,0,-0.009538839979,0,0,-1,3.83497172419046
21.52080098,0.00168433123190269,-0.001,0,-0.00956079998,0,0,-1,3.83497411985578
21.542760981,0.00160011517009127,-0.001,0,-0.009582759981,0,0,-1,3.83497651552109
21.564720982,0.00151589905567105,-0.001,0,-0.009604719982,0,0,-1,3.83497891118641
21.586680983,0.00143168288864201,-0.001,0,-0.009626679983,0,0,-1,3.83498130685172
21.608640984,0.00134746666900416,-0.001,0,-0.009648639984,0,0,-1,3.83498370251704
21.630600985,0.0012632503967575,-0.001,0,-0.009670599985,0,0,-1,3.83498609818235
21.652560986,0.00117903407190202,-0.001,0,-0.009692559986,0,0,-1,3.83498849384767
21.674520987,0.00109481769443773,-0.001,0,-0.009714519987,0,0,-1,3.83499088951299
21.696480988,0.00101060126436463,-0.001,0,-0.009736479988,0,0,-1,3.8349932851783
21.718440989,0.000926384781682713,-0.001,0,-0.009758439989,0,0,-1,3.83499568084362
21.74040099,0.000842168246391984,-0.001,0,-0.00978039999,0,0,-1,3.83499807650893
21.762360991,0.000757951658492443,-0.001,0,-0.009802359991,0,0,-1,3.83500047217425
21.784320992,0.000673735017984089,-0.001,0,-0.009824319992,0,0,-1,3.83500286783957
21.806280993,0.000589518324866922,-0.001,0,-0.009846279993,0,0,-1,3.83500526350488
21.828240994,0.000505301579140943,-0.001,0,-0.009868239994,0,0,-1,3.8350076591702
21.850200995,0.000421084780806151,-0.001,0,-0.009890199995,0,0,-1,3.83501005483551
21.872160996,0.000336867929862546,-0.001,0,-0.009912159996,0,0,-1,3.83501245050083
21.894120997,0.000252651026310129,-0.001,0,-0.009934119997,0,0,-1,3.83501484616615
21.916080998,0.000168434070148899,-0.001,0,-0.009956079998,0,0,-1,3.83501724183146
21.938040999,8.42170613788557E-005,-0.001,0,-0.009978039999,0,0,-1,3.83501963749678
21.960001,0,-0.001,0,-0.01,0,0,-1,3.83502203316209
