"Distance [mm]","Voltage [V]","MagE [V_per_meter]","XCoord []","YCoord []","ZCoord []","TangUnitVecX []","TangUnitVecY []","TangUnitVecZ []"
0,100,645.952810159845,-0.001,0,0.01,0,0,-1
0.0216,99.986047317023,645.953061593357,-0.001,0,0.0099784,0,0,-1
0.0432,99.972094634046,645.953307049844,-0.001,0,0.0099568,0,0,-1
0.0648,99.9581419510691,645.953546529275,-0.001,0,0.0099352,0,0,-1
0.0864,99.9441892680921,645.953780031614,-0.001,0,0.0099136,0,0,-1
0.108,99.9302365851152,645.954007556826,-0.001,0,0.009892,0,0,-1
0.1296,99.9162839021381,645.954229104878,-0.001,0,0.0098704,0,0,-1
0.1512,99.9023312191612,645.954444675739,-0.001,0,0.0098488,0,0,-1
0.1728,99.8883785361842,645.954654269375,-0.001,0,0.0098272,0,0,-1
0.1944,99.8744258532073,645.954857885754,-0.001,0,0.0098056,0,0,-1
0.216,99.8604731702303,645.955055524842,-0.001,0,0.009784,0,0,-1
0.2376,99.8465204872533,645.955247186612,-0.001,0,0.0097624,0,0,-1
0.2592,99.8325678042763,645.95543287103,-0.001,0,0.0097408,0,0,-1
0.2808,99.8186151212993,645.955612578067,-0.001,0,0.0097192,0,0,-1
0.3024,99.8046624383224,645.955786307694,-0.001,0,0.0096976,0,0,-1
0.324,99.7907097553454,645.955954059879,-0.001,0,0.009676,0,0,-1
0.3456,99.7767570723684,645.956115834595,-0.001,0,0.0096544,0,0,-1
0.3672,99.7628043893914,645.956271631815,-0.001,0,0.0096328,0,0,-1
0.3888,99.7488517064145,645.956421451506,-0.001,0,0.0096112,0,0,-1
0.4104,99.7348990234375,645.956565293645,-0.001,0,0.0095896,0,0,-1
0.432,99.7209463404605,645.956703158202,-0.001,0,0.009568,0,0,-1
0.4536,99.7069936574836,645.956835045153,-0.001,0,0.0095464,0,0,-1
0.4752,99.6930409745065,645.956960954469,-0.001,0,0.0095248,0,0,-1
0.4968,99.6790882915296,645.957080886127,-0.001,0,0.0095032,0,0,-1
0.5184,99.6651356085526,645.957194840099,-0.001,0,0.0094816,0,0,-1
0.54,99.6511829255757,645.957302816361,-0.001,0,0.00946,0,0,-1
0.5616,99.6372302425987,645.95740481489,-0.001,0,0.0094384,0,0,-1
0.5832,99.6232775596217,645.95750083566,-0.001,0,0.0094168,0,0,-1
0.6048,99.6093248766447,645.957590878648,-0.001,0,0.0093952,0,0,-1
0.6264,99.5953721936678,645.957674943832,-0.001,0,0.0093736,0,0,-1
0.648,99.5814195106908,645.957753031189,-0.001,0,0.009352,0,0,-1
0.6696,99.5674668277138,645.957825140695,-0.001,0,0.0093304,0,0,-1
0.6912,99.5535141447368,645.957891272332,-0.001,0,0.0093088,0,0,-1
0.7128,99.5395614617598,645.957951426074,-0.001,0,0.0092872,0,0,-1
0.7344,99.5256087787829,645.958005601904,-0.001,0,0.0092656,0,0,-1
0.756,99.5116560958059,645.958053799801,-0.001,0,0.009244,0,0,-1
0.7776,99.4977034128289,645.958096019743,-0.001,0,0.0092224,0,0,-1
0.7992,99.483750729852,645.958132261712,-0.001,0,0.0092008,0,0,-1
0.8208,99.469798046875,645.958162525691,-0.001,0,0.0091792,0,0,-1
0.8424,99.455845363898,645.958186811657,-0.001,0,0.0091576,0,0,-1
0.864,99.4418926809211,645.958205119595,-0.001,0,0.009136,0,0,-1
0.8856,99.4279399979441,645.958217449488,-0.001,0,0.0091144,0,0,-1
0.9072,99.4139873149671,645.958223801316,-0.001,0,0.0090928,0,0,-1
0.9288,99.4000346319902,645.958224175065,-0.001,0,0.0090712,0,0,-1
0.9504,99.3860819490131,645.958218570717,-0.001,0,0.0090496,0,0,-1
0.972,99.3721292660362,645.958206988257,-0.001,0,0.009028,0,0,-1
0.9936,99.3581765830592,645.958189427668,-0.001,0,0.0090064,0,0,-1
1.0152,99.3442239000822,645.958165888938,-0.001,0,0.0089848,0,0,-1
1.0368,99.3302712171052,645.958136372049,-0.001,0,0.0089632,0,0,-1
1.0584,99.3163185341283,645.958100876991,-0.001,0,0.0089416,0,0,-1
1.08,99.3023658511513,645.958059403749,-0.001,0,0.00892,0,0,-1
1.1016,99.2884131681744,645.958011952308,-0.001,0,0.0088984,0,0,-1
1.1232,99.2744604851973,645.957958522656,-0.001,0,0.0088768,0,0,-1
1.1448,99.2605078022204,645.957899114782,-0.001,0,0.0088552,0,0,-1
1.1664,99.2465551192434,645.957833728675,-0.001,0,0.0088336,0,0,-1
1.188,99.2326024313602,645.957623110108,-0.001,0,0.008812,0,0,-1
1.2096,99.218649549336,645.951754290577,-0.001,0,0.0087904,0,0,-1
1.2312,99.2046966925366,645.946317946164,-0.001,0,0.0087688,0,0,-1
1.2528,99.1907438609622,645.941314066792,-0.001,0,0.0087472,0,0,-1
1.2744,99.1767910546127,645.936742643309,-0.001,0,0.0087256,0,0,-1
1.296,99.1628382734882,645.932603667513,-0.001,0,0.008704,0,0,-1
1.3176,99.1488855175885,645.928897132127,-0.001,0,0.0086824,0,0,-1
1.3392,99.1349327869138,645.925623030822,-0.001,0,0.0086608,0,0,-1
1.3608,99.120980081464,645.922781358197,-0.001,0,0.0086392,0,0,-1
1.3824,99.1070274012391,645.920372109793,-0.001,0,0.0086176,0,0,-1
1.404,99.093074746239,645.918395282086,-0.001,0,0.008596,0,0,-1
1.4256,99.079122116464,645.916850872493,-0.001,0,0.0085744,0,0,-1
1.4472,99.0651695119138,645.915738879361,-0.001,0,0.0085528,0,0,-1
1.4688,99.0512169325885,645.915059301984,-0.001,0,0.0085312,0,0,-1
1.4904,99.0372643784882,645.914812140581,-0.001,0,0.0085096,0,0,-1
1.512,99.0233118496128,645.914997396317,-0.001,0,0.008488,0,0,-1
1.5336,99.0093593459623,645.915615071293,-0.001,0,0.0084664,0,0,-1
1.5552,98.9954068675366,645.916665168542,-0.001,0,0.0084448,0,0,-1
1.5768,98.981454414336,645.91814769204,-0.001,0,0.0084232,0,0,-1
1.5984,98.9675019863602,645.920062646697,-0.001,0,0.0084016,0,0,-1
1.62,98.9535495836093,645.92241003836,-0.001,0,0.00838,0,0,-1
1.6416,98.9395972060834,645.925189873814,-0.001,0,0.0083584,0,0,-1
1.6632,98.9256448537823,645.928402160781,-0.001,0,0.0083368,0,0,-1
1.6848,98.9116925267062,645.93204690792,-0.001,0,0.0083152,0,0,-1
1.7064,98.897740224855,645.936124124826,-0.001,0,0.0082936,0,0,-1
1.728,98.8837879482287,645.940633822035,-0.001,0,0.008272,0,0,-1
1.7496,98.8698356968273,645.945576011013,-0.001,0,0.0082504,0,0,-1
1.7712,98.8558834706508,645.950950704169,-0.001,0,0.0082288,0,0,-1
1.7928,98.8419312696993,645.956757914847,-0.001,0,0.0082072,0,0,-1
1.8144,98.8279790939726,645.962997657328,-0.001,0,0.0081856,0,0,-1
1.836,98.8140269434709,645.969669946831,-0.001,0,0.008164,0,0,-1
1.8576,98.8000748181941,645.976774799512,-0.001,0,0.0081424,0,0,-1
1.8792,98.7861227181422,645.984312232461,-0.001,0,0.0081208,0,0,-1
1.9008,98.7721706433152,645.992282263708,-0.001,0,0.0080992,0,0,-1
1.9224,98.7582185937131,646.000684912222,-0.001,0,0.0080776,0,0,-1
1.944,98.744266569336,646.009520197906,-0.001,0,0.008056,0,0,-1
1.9656,98.7303145701837,646.018788141597,-0.001,0,0.0080344,0,0,-1
1.9872,98.7163625962564,646.028488765079,-0.001,0,0.0080128,0,0,-1
2.0088,98.702410647554,646.03862209106,-0.001,0,0.0079912,0,0,-1
2.0304,98.6884587240764,646.049188143198,-0.001,0,0.0079696,0,0,-1
2.052,98.6745068258238,646.060186946078,-0.001,0,0.007948,0,0,-1
2.0736,98.6605549527962,646.071618525229,-0.001,0,0.0079264,0,0,-1
2.0952,98.6466031049933,646.083482907111,-0.001,0,0.0079048,0,0,-1
2.1168,98.6326512824155,646.095780119125,-0.001,0,0.0078832,0,0,-1
2.1384,98.6186994850626,646.108510189611,-0.001,0,0.0078616,0,0,-1
2.16,98.6047477129345,646.12167314784,-0.001,0,0.00784,0,0,-1
2.1816,98.5907959660315,646.135269024025,-0.001,0,0.0078184,0,0,-1
2.2032,98.5768442443532,646.149297849314,-0.001,0,0.0077968,0,0,-1
2.2248,98.5628925478999,646.163759655793,-0.001,0,0.0077752,0,0,-1
2.2464,98.5489408766716,646.178654476483,-0.001,0,0.0077536,0,0,-1
2.268,98.5349824485474,646.184421170511,-0.001,0,0.007732,0,0,-1
2.2896,98.5210230184985,646.186937231004,-0.001,0,0.0077104,0,0,-1
2.3112,98.5070639728833,646.187952503258,-0.001,0,0.0076888,0,0,-1
2.3328,98.4931053117017,646.187465629542,-0.001,0,0.0076672,0,0,-1
2.3544,98.4791470349536,646.185475324544,-0.001,0,0.0076456,0,0,-1
2.376,98.4651891426391,646.181980375371,-0.001,0,0.007624,0,0,-1
2.3976,98.4512316347583,646.176979641546,-0.001,0,0.0076024,0,0,-1
2.4192,98.437274511311,646.170472055012,-0.001,0,0.0075808,0,0,-1
2.4408,98.4233177722974,646.162456620127,-0.001,0,0.0075592,0,0,-1
2.4624,98.4093614177173,646.152932413669,-0.001,0,0.0075376,0,0,-1
2.484,98.3954054475708,646.141898584833,-0.001,0,0.007516,0,0,-1
2.5056,98.3814498618579,646.12935435523,-0.001,0,0.0074944,0,0,-1
2.5272,98.3674946605786,646.115299018894,-0.001,0,0.0074728,0,0,-1
2.5488,98.3535398437329,646.099731942269,-0.001,0,0.0074512,0,0,-1
2.5704,98.3395854113208,646.082652564223,-0.001,0,0.0074296,0,0,-1
2.592,98.3256313633423,646.06406039604,-0.001,0,0.007408,0,0,-1
2.6136,98.3116776997974,646.043955021421,-0.001,0,0.0073864,0,0,-1
2.6352,98.297724420686,646.022336096484,-0.001,0,0.0073648,0,0,-1
2.6568,98.2837715260083,645.999203349766,-0.001,0,0.0073432,0,0,-1
2.6784,98.2698190157641,645.974556582224,-0.001,0,0.0073216,0,0,-1
2.7,98.2558668899536,645.948395667228,-0.001,0,0.0073,0,0,-1
2.7216,98.2419151485766,645.920720550568,-0.001,0,0.0072784,0,0,-1
2.7432,98.2279637916333,645.891531250455,-0.001,0,0.0072568,0,0,-1
2.7648,98.2140128191235,645.860827857511,-0.001,0,0.0072352,0,0,-1
2.7864,98.2000622310473,645.828610534781,-0.001,0,0.0072136,0,0,-1
2.808,98.1861120274048,645.794879517725,-0.001,0,0.007192,0,0,-1
2.8296,98.1721622081958,645.759635114223,-0.001,0,0.0071704,0,0,-1
2.8512,98.1582127734204,645.722877704572,-0.001,0,0.0071488,0,0,-1
2.8728,98.1442637230786,645.684607741485,-0.001,0,0.0071272,0,0,-1
2.8944,98.1303150571704,645.644825750095,-0.001,0,0.0071056,0,0,-1
2.916,98.1163667756958,645.60353232795,-0.001,0,0.007084,0,0,-1
2.9376,98.1024188786548,645.56072814502,-0.001,0,0.0070624,0,0,-1
2.9592,98.0884713660473,645.516413943689,-0.001,0,0.0070408,0,0,-1
2.9808,98.0745242378735,645.470590538762,-0.001,0,0.0070192,0,0,-1
3.0024,98.0605774941333,645.423258817457,-0.001,0,0.0069976,0,0,-1
3.024,98.0466311348266,645.374419739414,-0.001,0,0.006976,0,0,-1
3.0456,98.0326851599536,645.324074336689,-0.001,0,0.0069544,0,0,-1
3.0672,98.0187395695142,645.272223713756,-0.001,0,0.0069328,0,0,-1
3.0888,98.0047943635083,645.218869047507,-0.001,0,0.0069112,0,0,-1
3.1104,97.990849541936,645.164011587251,-0.001,0,0.0068896,0,0,-1
3.132,97.9769051047973,645.107652654716,-0.001,0,0.006868,0,0,-1
3.1536,97.9629610520923,645.049793644049,-0.001,0,0.0068464,0,0,-1
3.1752,97.9490173838208,644.990436021808,-0.001,0,0.0068248,0,0,-1
3.1968,97.9350740999829,644.929581326977,-0.001,0,0.0068032,0,0,-1
3.2184,97.9211312005786,644.867231170953,-0.001,0,0.0067816,0,0,-1
3.24,97.9071886856079,644.803387237554,-0.001,0,0.00676,0,0,-1
3.2616,97.8932159519287,644.804643946316,-0.001,0,0.0067384,0,0,-1
3.2832,97.8792225058349,644.846258205816,-0.001,0,0.0067168,0,0,-1
3.3048,97.8652363212646,644.866124853596,-0.001,0,0.0066952,0,0,-1
3.3264,97.8512573982178,644.86423115137,-0.001,0,0.0066736,0,0,-1
3.348,97.8372857366943,644.840565087895,-0.001,0,0.006652,0,0,-1
3.3696,97.8233213366943,644.795115378973,-0.001,0,0.0066304,0,0,-1
3.3912,97.8093641982178,644.727871467442,-0.001,0,0.0066088,0,0,-1
3.4128,97.7954143212647,644.638823523194,-0.001,0,0.0065872,0,0,-1
3.4344,97.7814717058349,644.527962443153,-0.001,0,0.0065656,0,0,-1
3.456,97.7675363519287,644.395279851292,-0.001,0,0.006544,0,0,-1
3.4776,97.7536082595459,644.240768098625,-0.001,0,0.0065224,0,0,-1
3.4992,97.7396874286865,644.064420263209,-0.001,0,0.0065008,0,0,-1
3.5208,97.7257738593506,643.866230150142,-0.001,0,0.0064792,0,0,-1
3.5424,97.7118675515381,643.64619229157,-0.001,0,0.0064576,0,0,-1
3.564,97.697968505249,643.404301946675,-0.001,0,0.006436,0,0,-1
3.5856,97.6840767204834,643.140555101687,-0.001,0,0.0064144,0,0,-1
3.6072,97.6701921972412,642.854948469875,-0.001,0,0.0063928,0,0,-1
3.6288,97.6563149355224,642.547479491556,-0.001,0,0.0063712,0,0,-1
3.6504,97.6424449353271,642.218146334083,-0.001,0,0.0063496,0,0,-1
3.672,97.6285821966553,641.866947891857,-0.001,0,0.006328,0,0,-1
3.6936,97.6147267195068,641.493883786319,-0.001,0,0.0063064,0,0,-1
3.7152,97.6008785038818,641.098954365956,-0.001,0,0.0062848,0,0,-1
3.7368,97.5870375497803,640.682160706292,-0.001,0,0.0062632,0,0,-1
3.7584,97.5732038572021,640.243504609901,-0.001,0,0.0062416,0,0,-1
3.78,97.5593774261475,639.782988606395,-0.001,0,0.00622,0,0,-1
3.8016,97.5455582566162,639.30061595243,-0.001,0,0.0061984,0,0,-1
3.8232,97.5317463486084,638.796390631705,-0.001,0,0.0061768,0,0,-1
3.8448,97.517941702124,638.27031735496,-0.001,0,0.0061552,0,0,-1
3.8664,97.5041443171631,637.722401559982,-0.001,0,0.0061336,0,0,-1
3.888,97.4903541937256,637.152649411595,-0.001,0,0.006112,0,0,-1
3.9096,97.4765713318115,636.561067801674,-0.001,0,0.0060904,0,0,-1
3.9312,97.4627957314209,635.947664349127,-0.001,0,0.0060688,0,0,-1
3.9528,97.4490273925537,635.312447399912,-0.001,0,0.0060472,0,0,-1
3.9744,97.43526631521,634.655426027027,-0.001,0,0.0060256,0,0,-1
3.996,97.4215124993897,633.976610030513,-0.001,0,0.006004,0,0,-1
4.0176,97.4077659450928,633.276009937454,-0.001,0,0.0059824,0,0,-1
4.0392,97.3940266523193,632.553637001975,-0.001,0,0.0059608,0,0,-1
4.0608,97.3802946210693,631.809503205249,-0.001,0,0.0059392,0,0,-1
4.0824,97.3665698513428,631.043621255487,-0.001,0,0.0059176,0,0,-1
4.104,97.3528523431397,630.256004587943,-0.001,0,0.005896,0,0,-1
4.1256,97.33914209646,629.446667364917,-0.001,0,0.0058744,0,0,-1
4.1472,97.3254391113037,628.615624475748,-0.001,0,0.0058528,0,0,-1
4.1688,97.3117433876709,627.762891536819,-0.001,0,0.0058312,0,0,-1
4.1904,97.2980549255616,626.888484891559,-0.001,0,0.0058096,0,0,-1
4.212,97.2843737249756,625.992421610435,-0.001,0,0.005788,0,0,-1
4.2336,97.2706997859131,625.07471949096,-0.001,0,0.0057664,0,0,-1
4.2552,97.2569868302712,623.530719722993,-0.001,0,0.0057448,0,0,-1
4.2768,97.2432112029275,619.962050493484,-0.001,0,0.0057232,0,0,-1
4.2984,97.2295653780838,616.216699698433,-0.001,0,0.0057016,0,0,-1
4.32,97.21604935574,612.294278026557,-0.001,0,0.00568,0,0,-1
4.3416,97.2026631358963,608.194451883482,-0.001,0,0.0056584,0,0,-1
4.3632,97.1894067185525,603.916943391734,-0.001,0,0.0056368,0,0,-1
4.3848,97.1762801037088,599.461530390742,-0.001,0,0.0056152,0,0,-1
4.4064,97.163283291365,594.828046436843,-0.001,0,0.0055936,0,0,-1
4.428,97.1504162815213,590.016380803277,-0.001,0,0.005572,0,0,-1
4.4496,97.1376790741775,585.026478480187,-0.001,0,0.0055504,0,0,-1
4.4712,97.1250716693337,579.858340174621,-0.001,0,0.0055288,0,0,-1
4.4928,97.11259406699,574.512022310529,-0.001,0,0.0055072,0,0,-1
4.5144,97.1002462671462,568.98763702877,-0.001,0,0.0054856,0,0,-1
4.536,97.0880282698025,563.285352187102,-0.001,0,0.005464,0,0,-1
4.5576,97.0759400749587,557.405391360189,-0.001,0,0.0054424,0,0,-1
4.5792,97.063981682615,551.348033839602,-0.001,0,0.0054208,0,0,-1
4.6008,97.0521530927712,545.11361463381,-0.001,0,0.0053992,0,0,-1
4.6224,97.0404543054275,538.702524468192,-0.001,0,0.0053776,0,0,-1
4.644,97.0288853205837,532.115209785028,-0.001,0,0.005356,0,0,-1
4.6656,97.01744613824,525.352172743503,-0.001,0,0.0053344,0,0,-1
4.6872,97.0061367583962,518.413971219706,-0.001,0,0.0053128,0,0,-1
4.7088,96.9949571810525,511.301218806632,-0.001,0,0.0052912,0,0,-1
4.7304,96.9839074062087,504.014584814175,-0.001,0,0.0052696,0,0,-1
4.752,96.972987433865,496.554794269139,-0.001,0,0.005248,0,0,-1
4.7736,96.9621972640213,488.922627915229,-0.001,0,0.0052264,0,0,-1
4.7952,96.9515368966775,481.118922213054,-0.001,0,0.0052048,0,0,-1
4.8168,96.9410063318338,473.144569340129,-0.001,0,0.0051832,0,0,-1
4.8384,96.93060556949,465.000517190872,-0.001,0,0.0051616,0,0,-1
4.86,96.9203346096463,456.687769376605,-0.001,0,0.00514,0,0,-1
4.8816,96.9101934523025,448.207385225554,-0.001,0,0.0051184,0,0,-1
4.9032,96.9001820974588,439.560479782849,-0.001,0,0.0050968,0,0,-1
4.9248,96.890300545115,430.748223810526,-0.001,0,0.0050752,0,0,-1
4.9464,96.8805487952713,421.771843787522,-0.001,0,0.0050536,0,0,-1
4.968,96.8709268479275,412.632621909682,-0.001,0,0.005032,0,0,-1
4.9896,96.8614347030838,403.331896089752,-0.001,0,0.0050104,0,0,-1
5.0112,96.857216350586,398.439818877362,-0.0009888,0,0.005,-1,0,0
5.0328,96.8574749385376,397.469669317965,-0.000967199999999999,0,0.005,-1,0,0
5.0544,96.8572977460937,396.324196658452,-0.0009456,0,0.005,-1,0,0
5.076,96.8566847732544,395.233246870827,-0.000924,0,0.005,-1,0,0
5.0976,96.8556360200195,394.422214360037,-0.0009024,0,0.005,-1,0,0
5.1192,96.8541514863891,394.112041963954,-0.0008808,0,0.005,-1,0,0
5.1408,96.8522311723633,394.519220953391,-0.0008592,0,0.005,-1,0,0
5.1624,96.8498750779419,395.855791032089,-0.0008376,0,0.005,-1,0,0
5.184,96.847083203125,398.329340336729,-0.000816,0,0.005,-1,0,0
5.2056,96.8438555479126,402.143005436921,-0.0007944,0,0.005,-1,0,0
5.2272,96.8401921123047,407.49547133521,-0.0007728,0,0.005,-1,0,0
5.2488,96.8360928963013,414.580971467076,-0.0007512,0,0.005,-1,0,0
5.2704,96.8315578999024,423.589287700933,-0.0007296,0,0.005,-1,0,0
5.292,96.8265871231079,434.705750338127,-0.000708,0,0.005,-1,0,0
5.3136,96.821180565918,448.111238112942,-0.0006864,0,0.005,-1,0,0
5.3352,96.8153382283325,463.982178192589,-0.0006648,0,0.005,-1,0,0
5.3568,96.8090601103515,482.490546177219,-0.000643199999999999,0,0.005,-1,0,0
5.3784,96.8023462119751,503.803866099915,-0.0006216,0,0.005,-1,0,0
5.4,96.7951965332034,528.085210426697,-0.0006,0,0.005,-1,0,0
5.4216,96.7921952089844,608.9909122984,-0.000578399999999999,0,0.005,-1,0,0
5.4432,96.7852940195313,702.271942632338,-0.0005568,0,0.005,-1,0,0
5.4648,96.7744929648438,812.919397891588,-0.0005352,0,0.005,-1,0,0
5.4864,96.7597920449219,945.524659307722,-0.000513599999999999,0,0.005,-1,0,0
5.508,96.7411912597657,1104.27939288082,-0.000491999999999999,0,0.005,-1,0,0
5.5296,96.718690609375,1292.97554937947,-0.0004704,0,0.005,-1,0,0
5.5512,96.69229009375,1515.00536434079,-0.000448799999999999,0,0.005,-1,0,0
5.5728,96.6619897128907,1773.36135807037,-0.000427199999999999,0,0.005,-1,0,0
5.5944,96.6277894667969,2070.63633564232,-0.0004056,0,0.005,-1,0,0
5.616,96.5896893554688,2409.02338689929,-0.000384,0,0.005,-1,0,0
5.6376,96.5476893789062,2790.31588645239,-0.000362399999999999,0,0.005,-1,0,0
5.6592,96.5017895371093,3215.90749368124,-0.0003408,0,0.005,-1,0,0
5.6808,96.4519898300781,3686.79215273403,-0.0003192,0,0.005,-1,0,0
5.7024,96.3982902578125,4203.56409252739,-0.000297599999999999,0,0.005,-1,0,0
5.724,96.3406908203125,4766.41782674649,-0.000275999999999999,0,0.005,-1,0,0
5.7456,96.2791915175781,5375.14815384496,-0.0002544,0,0.005,-1,0,0
5.7672,96.2137923496094,6029.15015704504,-0.000232799999999999,0,0.005,-1,0,0
5.7888,96.1444933164063,6727.41920433739,-0.000211199999999999,0,0.005,-1,0,0
5.8104,95.9872816510972,12259.4198323104,-0.0002,0,0.0049896,0,0,-1
5.832,95.7468265355439,11684.3687412707,-0.0002,0,0.004968,0,0,-1
5.8536,95.5174993529832,11150.0774331954,-0.0002,0,0.0049464,0,0,-1
5.8752,95.299300103415,10654.4650008902,-0.0002,0,0.0049248,0,0,-1
5.8968,95.0922287868395,10196.9887259647,-0.0002,0,0.0049032,0,0,-1
5.9184,94.8962854032564,9778.64407883308,-0.0002,0,0.0048816,0,0,-1
5.94,94.7114699526659,9401.96471871364,-0.0002,0,0.00486,0,0,-1
5.9616,94.5285709882093,9238.57434942074,-0.0002,0,0.0048384,0,0,-1
5.9832,94.3409127530523,9207.73253132777,-0.0002,0,0.0048168,0,0,-1
6.0048,94.1529034527757,9173.89292421941,-0.0002,0,0.0047952,0,0,-1
6.0264,93.9645430873793,9137.30767669139,-0.0002,0,0.0047736,0,0,-1
6.048,93.7758316568632,9098.35073058708,-0.0002,0,0.004752,0,0,-1
6.0696,93.5867691612275,9057.51782099749,-0.0002,0,0.0047304,0,0,-1
6.0912,93.397355600472,9015.42647626123,-0.0002,0,0.0047088,0,0,-1
6.1128,93.2073580376895,9004.17026660358,-0.0002,0,0.0046872,0,0,-1
6.1344,93.0169397606778,9008.62845778899,-0.0002,0,0.0046656,0,0,-1
6.156,92.8262277077749,9013.03339433081,-0.0002,0,0.004644,0,0,-1
6.1776,92.6352218789808,9017.39898153681,-0.0002,0,0.0046224,0,0,-1
6.1992,92.4439222742955,9021.74029295433,-0.0002,0,0.0046008,0,0,-1
6.2208,92.252328893719,9026.07357037014,-0.0002,0,0.0045792,0,0,-1
6.2424,92.0604417372512,9030.41622381055,-0.0002,0,0.0045576,0,0,-1
6.264,91.8682608048923,9034.78683154132,-0.0002,0,0.004536,0,0,-1
6.2856,91.6757860966421,9039.20514006773,-0.0002,0,0.0045144,0,0,-1
6.3072,91.4830176125007,9043.69206413456,-0.0002,0,0.0044928,0,0,-1
6.3288,91.2899553524681,9048.26968672609,-0.0002,0,0.0044712,0,0,-1
6.3504,91.0965993165443,9052.96125906605,-0.0002,0,0.0044496,0,0,-1
6.372,90.9029495047293,9057.79120061773,-0.0002,0,0.004428,0,0,-1
6.3936,90.7090059170231,9062.78509908385,-0.0002,0,0.0044064,0,0,-1
6.4152,90.5147685534256,9067.96971040667,-0.0002,0,0.0043848,0,0,-1
6.4368,90.320237413937,9073.37295876791,-0.0002,0,0.0043632,0,0,-1
6.4584,90.125412498557,9079.02393658884,-0.0002,0,0.0043416,0,0,-1
6.48,89.9302938072859,9084.95290453014,-0.0002,0,0.00432,0,0,-1
6.5016,89.7349639595798,9089.37603097718,-0.0002,0,0.0042984,0,0,-1
6.5232,89.5395381210949,9092.39866618494,-0.0002,0,0.0042768,0,0,-1
6.5448,89.3439812209031,9095.58891729054,-0.0002,0,0.0042552,0,0,-1
6.5664,89.1482932590046,9098.93788706612,-0.0002,0,0.0042336,0,0,-1
6.588,88.9524742353993,9102.43696018654,-0.0002,0,0.004212,0,0,-1
6.6096,88.7565241500871,9106.07780322946,-0.0002,0,0.0041904,0,0,-1
6.6312,88.5604430030681,9109.85236467536,-0.0002,0,0.0041688,0,0,-1
6.6528,88.3642307943423,9113.75287490734,-0.0002,0,0.0041472,0,0,-1
6.6744,88.1678875239097,9117.77184621143,-0.0002,0,0.0041256,0,0,-1
6.696,87.9714131917702,9121.9020727763,-0.0002,0,0.004104,0,0,-1
6.7176,87.7748077979239,9126.13663069338,-0.0002,0,0.0040824,0,0,-1
6.7392,87.5780713423708,9130.468877957,-0.0002,0,0.0040608,0,0,-1
6.7608,87.3812038251109,9134.89245446409,-0.0002,0,0.0040392,0,0,-1
6.7824,87.1842052461441,9139.40128201441,-0.0002,0,0.0040176,0,0,-1
6.804,86.9870756054706,9143.98956431054,-0.0002,0,0.003996,0,0,-1
6.8256,86.7898149030903,9148.65178695772,-0.0002,0,0.0039744,0,0,-1
6.8472,86.592423139003,9153.38271746401,-0.0002,0,0.0039528,0,0,-1
6.8688,86.394900313209,9158.17740524023,-0.0002,0,0.0039312,0,0,-1
6.8904,86.1972464257082,9163.03118159996,-0.0002,0,0.0039096,0,0,-1
6.912,85.9994614765005,9167.93965975952,-0.0002,0,0.003888,0,0,-1
6.9336,85.8015566438981,9172.05194715651,-0.0002,0,0.0038664,0,0,-1
6.9552,85.6035905310203,9174.37406182127,-0.0002,0,0.0038448,0,0,-1
6.9768,85.4055624825077,9176.75292046975,-0.0002,0,0.0038232,0,0,-1
6.9984,85.2074724983604,9179.18883180425,-0.0002,0,0.0038016,0,0,-1
7.02,85.0093205785785,9181.68210627335,-0.0002,0,0.00378,0,0,-1
7.0416,84.8111067231618,9184.23305607188,-0.0002,0,0.0037584,0,0,-1
7.0632,84.6128309321105,9186.84199514096,-0.0002,0,0.0037368,0,0,-1
7.0848,84.4144932054244,9189.509239168,-0.0002,0,0.0037152,0,0,-1
7.1064,84.2160935431035,9192.23510558669,-0.0002,0,0.0036936,0,0,-1
7.128,84.0176319451481,9195.01991357703,-0.0002,0,0.003672,0,0,-1
7.1496,83.8191084115578,9197.86398406525,-0.0002,0,0.0036504,0,0,-1
7.1712,83.6205229423329,9200.76763972389,-0.0002,0,0.0036288,0,0,-1
7.1928,83.4218755374732,9203.73120497177,-0.0002,0,0.0036072,0,0,-1
7.2144,83.2231661969789,9206.75500597402,-0.0002,0,0.0035856,0,0,-1
7.236,83.0243949208498,9209.83937064199,-0.0002,0,0.003564,0,0,-1
7.2576,82.8255617090861,9212.98462863338,-0.0002,0,0.0035424,0,0,-1
7.2792,82.6266665616876,9216.19111135212,-0.0002,0,0.0035208,0,0,-1
7.3008,82.4277094786544,9219.45915194847,-0.0002,0,0.0034992,0,0,-1
7.3224,82.2286904599865,9222.78908531891,-0.0002,0,0.0034776,0,0,-1
7.344,82.0296095056838,9226.18124810626,-0.0002,0,0.003456,0,0,-1
7.3656,81.8304666157466,9229.63597869963,-0.0002,0,0.0034344,0,0,-1
7.3872,81.6312617901745,9233.15361723432,-0.0002,0,0.0034128,0,0,-1
7.4088,81.4319950289677,9236.73450559203,-0.0002,0,0.0033912,0,0,-1
7.4304,81.2326490544409,9239.78053587096,-0.0002,0,0.0033696,0,0,-1
7.452,81.0331825462239,9239.99606957546,-0.0002,0,0.003348,0,0,-1
7.4736,80.8336963322257,9240.26130722693,-0.0002,0,0.0033264,0,0,-1
7.4952,80.6341904124462,9240.57491710038,-0.0002,0,0.0033048,0,0,-1
7.5168,80.4346647868854,9240.93563405738,-0.0002,0,0.0032832,0,0,-1
7.5384,80.2351194555434,9241.34225954593,-0.0002,0,0.0032616,0,0,-1
7.56,80.0355544184202,9241.79366160057,-0.0002,0,0.00324,0,0,-1
7.5816,79.8359696755157,9242.28877484235,-0.0002,0,0.0032184,0,0,-1
7.6032,79.63636522683,9242.82660047882,-0.0002,0,0.0031968,0,0,-1
7.6248,79.4367410723629,9243.40620630401,-0.0002,0,0.0031752,0,0,-1
7.6464,79.2370972121147,9244.02672669848,-0.0002,0,0.0031536,0,0,-1
7.668,79.0374336460852,9244.68736262927,-0.0002,0,0.003132,0,0,-1
7.6896,78.8377503742745,9245.38738164995,-0.0002,0,0.0031104,0,0,-1
7.7112,78.6380473966825,9246.12611790058,-0.0002,0,0.0030888,0,0,-1
7.7328,78.4383247133093,9246.9029721077,-0.0002,0,0.0030672,0,0,-1
7.7544,78.2385823241547,9247.71741158439,-0.0002,0,0.0030456,0,0,-1
7.776,78.038820229219,9248.56897023021,-0.0002,0,0.003024,0,0,-1
7.7976,77.839038428502,9249.45724853124,-0.0002,0,0.0030024,0,0,-1
7.8192,77.6392369220038,9250.38191356004,-0.0002,0,0.0029808,0,0,-1
7.8408,77.4394157097243,9251.34269897566,-0.0002,0,0.0029592,0,0,-1
7.8624,77.2395747916635,9252.33940502372,-0.0002,0,0.0029376,0,0,-1
7.884,77.0397141678215,9253.37189853629,-0.0002,0,0.002916,0,0,-1
7.9056,76.8398338381983,9254.44011293194,-0.0002,0,0.0028944,0,0,-1
7.9272,76.639933540881,9255.52757955256,-0.0002,0,0.0028728,0,0,-1
7.9488,76.4400067682939,9255.96250705104,-0.0002,0,0.0028512,0,0,-1
7.9704,76.2400682633631,9256.42137468603,-0.0002,0,0.0028296,0,0,-1
7.992,76.0401180260885,9256.90419746542,-0.0002,0,0.002808,0,0,-1
8.0136,75.8401560564702,9257.41099073762,-0.0002,0,0.0027864,0,0,-1
8.0352,75.6401823545081,9257.94177019162,-0.0002,0,0.0027648,0,0,-1
8.0568,75.4401969202023,9258.496551857,-0.0002,0,0.0027432,0,0,-1
8.0784,75.2401997535528,9259.07535210387,-0.0002,0,0.0027216,0,0,-1
8.1,75.0401908545594,9259.67818764287,-0.0002,0,0.0027,0,0,-1
8.1216,74.8401702232224,9260.30507552527,-0.0002,0,0.0026784,0,0,-1
8.1432,74.6401378595416,9260.95603314284,-0.0002,0,0.0026568,0,0,-1
8.1648,74.440093763517,9261.63107822792,-0.0002,0,0.0026352,0,0,-1
8.1864,74.2400379351487,9262.33022885345,-0.0002,0,0.0026136,0,0,-1
8.208,74.0399703744367,9263.05350343285,-0.0002,0,0.002592,0,0,-1
8.2296,73.8398910813809,9263.80092072016,-0.0002,0,0.0025704,0,0,-1
8.2512,73.6398000559813,9264.57249980999,-0.0002,0,0.0025488,0,0,-1
8.2728,73.439697298238,9265.36826013745,-0.0002,0,0.0025272,0,0,-1
8.2944,73.2395828081509,9266.18822147827,-0.0002,0,0.0025056,0,0,-1
8.316,73.0394565857201,9267.03240394866,-0.0002,0,0.002484,0,0,-1
8.3376,72.8393186309456,9267.9008280055,-0.0002,0,0.0024624,0,0,-1
8.3592,72.6391689438272,9268.79351444615,-0.0002,0,0.0024408,0,0,-1
8.3808,72.4390075243652,9269.71048440852,-0.0002,0,0.0024192,0,0,-1
8.4024,72.2388343725594,9270.65175937113,-0.0002,0,0.0023976,0,0,-1
8.424,72.0386494884098,9271.61736115302,-0.0002,0,0.002376,0,0,-1
8.4456,71.8384421165647,9271.48433959302,-0.0002,0,0.0023544,0,0,-1
8.4672,71.6382297596849,9271.22503508972,-0.0002,0,0.0023328,0,0,-1
8.4888,71.4380144981956,9270.99984444473,-0.0002,0,0.0023112,0,0,-1
8.5104,71.237796332097,9270.80874947544,-0.0002,0,0.0022896,0,0,-1
8.532,71.037575261389,9270.6517327109,-0.0002,0,0.002268,0,0,-1
8.5536,70.8373512860717,9270.52877739191,-0.0002,0,0.0022464,0,0,-1
8.5752,70.6371244061449,9270.43986747089,-0.0002,0,0.0022248,0,0,-1
8.5968,70.4368946216088,9270.38498761203,-0.0002,0,0.0022032,0,0,-1
8.6184,70.2366619324633,9270.36412319122,-0.0002,0,0.0021816,0,0,-1
8.64,70.0364263387084,9270.37726029602,-0.0002,0,0.00216,0,0,-1
8.6616,69.8361878403442,9270.42438572571,-0.0002,0,0.0021384,0,0,-1
8.6832,69.6359464373706,9270.50548699126,-0.0002,0,0.0021168,0,0,-1
8.7048,69.4357021297876,9270.62055231536,-0.0002,0,0.0020952,0,0,-1
8.7264,69.2354549175952,9270.7695706324,-0.0002,0,0.0020736,0,0,-1
8.748,69.0352048007935,9270.95253158844,-0.0002,0,0.002052,0,0,-1
8.7696,68.8349517793824,9271.16942554131,-0.0002,0,0.0020304,0,0,-1
8.7912,68.6346958533619,9271.42024356047,-0.0002,0,0.0020088,0,0,-1
8.8128,68.434437022732,9271.70497742713,-0.0002,0,0.0019872,0,0,-1
8.8344,68.2341752874928,9272.02361963417,-0.0002,0,0.0019656,0,0,-1
8.856,68.0339106476441,9272.3761633862,-0.0002,0,0.001944,0,0,-1
8.8776,67.8336431031861,9272.7626025995,-0.0002,0,0.0019224,0,0,-1
8.8992,67.6333726541188,9273.18293190211,-0.0002,0,0.0019008,0,0,-1
8.9208,67.433099300442,9273.63714663371,-0.0002,0,0.0018792,0,0,-1
8.9424,67.2328076655049,9273.7526808862,-0.0002,0,0.0018576,0,0,-1
8.964,67.0325084172618,9273.73836234887,-0.0002,0,0.001836,0,0,-1
8.9856,66.8322074889016,9273.73009979527,-0.0002,0,0.0018144,0,0,-1
9.0072,66.6319048804241,9273.7278847252,-0.0002,0,0.0017928,0,0,-1
9.0288,66.4316005918294,9273.73170914703,-0.0002,0,0.0017712,0,0,-1
9.0504,66.2312946231176,9273.74156557757,-0.0002,0,0.0017496,0,0,-1
9.072,66.0309869742885,9273.7574470421,-0.0002,0,0.001728,0,0,-1
9.0936,65.8306776453423,9273.7793470744,-0.0002,0,0.0017064,0,0,-1
9.1152,65.630366636279,9273.80725971673,-0.0002,0,0.0016848,0,0,-1
9.1368,65.4300539470984,9273.84117951984,-0.0002,0,0.0016632,0,0,-1
9.1584,65.2297395778006,9273.88110154293,-0.0002,0,0.0016416,0,0,-1
9.18,65.0294235283856,9273.9270213537,-0.0002,0,0.00162,0,0,-1
9.2016,64.8291057988534,9273.97893502833,-0.0002,0,0.0015984,0,0,-1
9.2232,64.6287863892041,9274.03683915149,-0.0002,0,0.0015768,0,0,-1
9.2448,64.4284652994376,9274.10073081631,-0.0002,0,0.0015552,0,0,-1
9.2664,64.2281425295539,9274.17060762442,-0.0002,0,0.0015336,0,0,-1
9.288,64.027818079553,9274.24646768592,-0.0002,0,0.001512,0,0,-1
9.3096,63.8274919494349,9274.32830961939,-0.0002,0,0.0014904,0,0,-1
9.3312,63.6271641391996,9274.4161325519,-0.0002,0,0.0014688,0,0,-1
9.3528,63.4268346488472,9274.50993611897,-0.0002,0,0.0014472,0,0,-1
9.3744,63.2265034783775,9274.60972046466,-0.0002,0,0.0014256,0,0,-1
9.396,63.0261706277907,9274.71548624148,-0.0002,0,0.001404,0,0,-1
9.4176,62.8258360970866,9274.82723461039,-0.0002,0,0.0013824,0,0,-1
9.4392,62.6254974479519,9274.9112578333,-0.0002,0,0.0013608,0,0,-1
9.4608,62.4251559987145,9274.9708409168,-0.0002,0,0.0013392,0,0,-1
9.4824,62.2248136951802,9275.02890204872,-0.0002,0,0.0013176,0,0,-1
9.504,62.024470537349,9275.08544117883,-0.0002,0,0.001296,0,0,-1
9.5256,61.8241265252209,9275.14045826291,-0.0002,0,0.0012744,0,0,-1
9.5472,61.623781658796,9275.19395326293,-0.0002,0,0.0012528,0,0,-1
9.5688,61.4234359380743,9275.24592614685,-0.0002,0,0.0012312,0,0,-1
9.5904,61.2230893630556,9275.29637688871,-0.0002,0,0.0012096,0,0,-1
9.612,61.0227419337401,9275.34530546865,-0.0002,0,0.001188,0,0,-1
9.6336,60.8223936501276,9275.39271187284,-0.0002,0,0.0011664,0,0,-1
9.6552,60.6220445122184,9275.43859609359,-0.0002,0,0.0011448,0,0,-1
9.6768,60.4216945200122,9275.48295812921,-0.0002,0,0.0011232,0,0,-1
9.6984,60.2213436735092,9275.52579798412,-0.0002,0,0.0011016,0,0,-1
9.72,60.0209919727093,9275.56711566881,-0.0002,0,0.00108,0,0,-1
9.7416,59.8206394176125,9275.60691119983,-0.0002,0,0.0010584,0,0,-1
9.7632,59.6202860082188,9275.64518459983,-0.0002,0,0.0010368,0,0,-1
9.7848,59.4199317445282,9275.68193589749,-0.0002,0,0.0010152,0,0,-1
9.8064,59.2195766265408,9275.71716512761,-0.0002,0,0.000993599999999998,0,0,-1
9.828,59.0192206542565,9275.75087233103,-0.0002,0,0.000971999999999999,0,0,-1
9.8496,58.8188638276754,9275.78305755467,-0.0002,0,0.000950399999999999,0,0,-1
9.8712,58.6185061467973,9275.81372085149,-0.0002,0,0.000928799999999998,0,0,-1
9.8928,58.4181476116224,9275.84286228062,-0.0002,0,0.000907199999999999,0,0,-1
9.9144,58.2177882221507,9275.87048190715,-0.0002,0,0.000885599999999999,0,0,-1
9.936,58.0174290044383,9275.89391480979,-0.0002,0,0.000863999999999998,0,0,-1
9.9576,57.8170705316341,9275.9133622682,-0.0002,0,0.000842399999999999,0,0,-1
9.9792,57.6167115462519,9275.9327623478,-0.0002,0,0.000820799999999999,0,0,-1
10.0008,57.4163520482914,9275.95211504787,-0.0002,0,0.000799199999999998,0,0,-1
10.0224,57.2159920377529,9275.9714203688,-0.0002,0,0.000777599999999999,0,0,-1
10.044,57.0156315146362,9275.99067831206,-0.0002,0,0.000755999999999999,0,0,-1
10.0656,56.8152704789414,9276.00988888023,-0.0002,0,0.000734399999999998,0,0,-1
10.0872,56.6149089306685,9276.02905207692,-0.0002,0,0.000712799999999999,0,0,-1
10.1088,56.4145468698175,9276.04816790688,-0.0002,0,0.000691199999999999,0,0,-1
10.1304,56.2141842963883,9276.06723637595,-0.0002,0,0.0006696,0,0,-1
10.152,56.013821210381,9276.086257491,-0.0002,0,0.000648000000000001,0,0,-1
10.1736,55.8134576117956,9276.10523126007,-0.0002,0,0.000626399999999999,0,0,-1
10.1952,55.6130935006321,9276.12415769223,-0.0002,0,0.0006048,0,0,-1
10.2168,55.4127288768904,9276.14303679765,-0.0002,0,0.000583199999999999,0,0,-1
10.2384,55.2123637405706,9276.1618685876,-0.0002,0,0.000561599999999999,0,0,-1
10.26,55.0119980916727,9276.18065307444,-0.0002,0,0.00054,0,0,-1
10.2816,54.8116319301966,9276.19939027162,-0.0002,0,0.000518399999999999,0,0,-1
10.3032,54.6112652561425,9276.21808019362,-0.0002,0,0.0004968,0,0,-1
10.3248,54.4108980695102,9276.2367228561,-0.0002,0,0.0004752,0,0,-1
10.3464,54.2105303702998,9276.25531827573,-0.0002,0,0.000453599999999999,0,0,-1
10.368,54.0101621585112,9276.27386647033,-0.0002,0,0.000432,0,0,-1
10.3896,53.8097934341446,9276.29236745875,-0.0002,0,0.0004104,0,0,-1
10.4112,53.6094241971998,9276.31082126102,-0.0002,0,0.000388799999999999,0,0,-1
10.4328,53.4090565507694,9276.31794432558,-0.0002,0,0.0003672,0,0,-1
10.4544,53.2086938159013,9276.29803280306,-0.0002,0,0.0003456,0,0,-1
10.476,53.0083307108379,9276.28060652131,-0.0002,0,0.000323999999999999,0,0,-1
10.4976,52.8079672355791,9276.26566544596,-0.0002,0,0.0003024,0,0,-1
10.5192,52.6076033901251,9276.25320954372,-0.0002,0,0.0002808,0,0,-1
10.5408,52.4072391744757,9276.24323878244,-0.0002,0,0.000259199999999999,0,0,-1
10.5624,52.2068745886311,9276.23575313111,-0.0002,0,0.0002376,0,0,-1
10.584,52.0065096325911,9276.23075255976,-0.0002,0,0.000216,0,0,-1
10.6056,51.8061443063557,9276.22823703964,-0.0002,0,0.000194399999999999,0,0,-1
10.6272,51.6057786099251,9276.22820654303,-0.0002,0,0.0001728,0,0,-1
10.6488,51.4054125432992,9276.23066104336,-0.0002,0,0.000151199999999998,0,0,-1
10.6704,51.205046106478,9276.23560051516,-0.0002,0,0.000129599999999999,0,0,-1
10.692,51.0046792994614,9276.24302493408,-0.0002,0,0.000108,0,0,-1
10.7136,50.8043121222496,9276.2529342769,-0.0002,0,8.63999999999985E-005,0,0,-1
10.7352,50.6039445748424,9276.26532852151,-0.0002,0,6.47999999999991E-005,0,0,-1
10.7568,50.4035766572399,9276.28020764689,-0.0002,0,4.31999999999997E-005,0,0,-1
10.7784,50.2032083694421,9276.29757163315,-0.0002,0,2.15999999999985E-005,0,0,-1
10.8,50.002839711449,9276.31742046154,-0.0002,0,-8.67361737988404E-019,0,0,-1
10.8216,49.8024706832606,9276.33975411437,-0.0002,0,-2.16000000000003E-005,0,0,-1
10.8432,49.6021012848768,9276.36457257511,-0.0002,0,-4.32000000000005E-005,0,0,-1
10.8648,49.4017315162978,9276.39187582834,-0.0002,0,-6.48E-005,0,0,-1
10.8864,49.2013613775234,9276.42166385974,-0.0002,0,-8.63999999999994E-005,0,0,-1
10.908,49.0009908685537,9276.45393665612,-0.0002,0,-0.000108000000000001,0,0,-1
10.9296,48.8006203308333,9276.47647576974,-0.0002,0,-0.000129600000000001,0,0,-1
10.9512,48.6002521498236,9276.42302503391,-0.0002,0,-0.0001512,0,0,-1
10.9728,48.3998845383451,9276.37210851048,-0.0002,0,-0.000172800000000002,0,0,-1
10.9944,48.1995174963979,9276.32372602448,-0.0002,0,-0.000194400000000002,0,0,-1
11.016,47.999151023982,9276.27787740692,-0.0002,0,-0.000216000000000002,0,0,-1
11.0376,47.7987851210973,9276.23456249485,-0.0002,0,-0.000237600000000001,0,0,-1
11.0592,47.5984197877439,9276.1937811313,-0.0002,0,-0.000259200000000001,0,0,-1
11.0808,47.3980550239217,9276.15553316537,-0.0002,0,-0.000280800000000002,0,0,-1
11.1024,47.1976908296307,9276.1198184521,-0.0002,0,-0.000302400000000001,0,0,-1
11.124,46.997327204871,9276.08663685261,-0.0002,0,-0.000324000000000001,0,0,-1
11.1456,46.7969641496426,9276.055988234,-0.0002,0,-0.000345600000000001,0,0,-1
11.1672,46.5966016639454,9276.02787246938,-0.0002,0,-0.0003672,0,0,-1
11.1888,46.3962397477794,9276.00228943786,-0.0002,0,-0.0003888,0,0,-1
11.2104,46.1958784011448,9275.97923902463,-0.0002,0,-0.000410400000000002,0,0,-1
11.232,45.9955176240413,9275.95872112081,-0.0002,0,-0.000432000000000001,0,0,-1
11.2536,45.7951574164692,9275.94073562357,-0.0002,0,-0.000453600000000001,0,0,-1
11.2752,45.5947977784282,9275.9252824361,-0.0002,0,-0.000475200000000003,0,0,-1
11.2968,45.3944387099185,9275.91236146758,-0.0002,0,-0.000496800000000002,0,0,-1
11.3184,45.19408021094,9275.90197263323,-0.0002,0,-0.000518400000000002,0,0,-1
11.34,44.9937222814928,9275.89411585425,-0.0002,0,-0.000540000000000002,0,0,-1
11.3616,44.7933649215769,9275.88879105793,-0.0002,0,-0.000561600000000001,0,0,-1
11.3832,44.5930081311922,9275.88599817745,-0.0002,0,-0.000583200000000001,0,0,-1
11.4048,44.3926519103388,9275.88573715205,-0.0002,0,-0.000604800000000002,0,0,-1
11.4264,44.1922962590166,9275.88800792709,-0.0002,0,-0.000626400000000001,0,0,-1
11.448,43.9919283476077,9275.91934145697,-0.0002,0,-0.000648000000000001,0,0,-1
11.4696,43.7915608588805,9275.94681816432,-0.0002,0,-0.000669600000000001,0,0,-1
11.4912,43.5911939681612,9275.97003000903,-0.0002,0,-0.0006912,0,0,-1
11.5128,43.3908276754496,9275.98897689542,-0.0002,0,-0.000712800000000002,0,0,-1
11.5344,43.1904619807459,9276.00365873979,-0.0002,0,-0.000734400000000002,0,0,-1
11.556,42.9900968840499,9276.01407547041,-0.0002,0,-0.000756000000000001,0,0,-1
11.5776,42.7897323853619,9276.02022702753,-0.0002,0,-0.000777600000000003,0,0,-1
11.5992,42.5893684846816,9276.02211336335,-0.0002,0,-0.000799200000000003,0,0,-1
11.6208,42.3890051820091,9276.01973444206,-0.0002,0,-0.000820800000000002,0,0,-1
11.6424,42.1886424773444,9276.01309023985,-0.0002,0,-0.000842400000000002,0,0,-1
11.664,41.9882803706875,9276.00218074479,-0.0002,0,-0.000864000000000002,0,0,-1
11.6856,41.7879188620385,9275.98700595704,-0.0002,0,-0.000885600000000001,0,0,-1
11.7072,41.5875579513973,9275.96756588864,-0.0002,0,-0.000907200000000002,0,0,-1
11.7288,41.3871976387638,9275.94386056364,-0.0002,0,-0.000928800000000002,0,0,-1
11.7504,41.1868379241382,9275.91589001805,-0.0002,0,-0.000950400000000001,0,0,-1
11.772,40.9864788075205,9275.88365429988,-0.0002,0,-0.000972000000000001,0,0,-1
11.7936,40.7861202889105,9275.84715346905,-0.0002,0,-0.000993600000000001,0,0,-1
11.8152,40.5857623683083,9275.80638759751,-0.0002,0,-0.0010152,0,0,-1
11.8368,40.3854050457139,9275.76135676917,-0.0002,0,-0.0010368,0,0,-1
11.8584,40.1850483211274,9275.71206107986,-0.0002,0,-0.0010584,0,0,-1
11.88,39.9846921945486,9275.65850063747,-0.0002,0,-0.00108,0,0,-1
11.9016,39.7843366659777,9275.6006755618,-0.0002,0,-0.0011016,0,0,-1
11.9232,39.5839817354146,9275.53858598463,-0.0002,0,-0.0011232,0,0,-1
11.9448,39.3836325968506,9275.43856120721,-0.0002,0,-0.0011448,0,0,-1
11.9664,39.1832856333975,9275.33839540102,-0.0002,0,-0.0011664,0,0,-1
11.988,38.9829398944366,9275.24551260096,-0.0002,0,-0.001188,0,0,-1
12.0096,38.7825953799679,9275.15991311099,-0.0002,0,-0.0012096,0,0,-1
12.0312,38.5822520899914,9275.08159729826,-0.0002,0,-0.0012312,0,0,-1
12.0528,38.3819100245071,9275.01056559323,-0.0002,0,-0.0012528,0,0,-1
12.0744,38.181569183515,9274.94681848958,-0.0002,0,-0.0012744,0,0,-1
12.096,37.9812295670151,9274.89035654422,-0.0002,0,-0.001296,0,0,-1
12.1176,37.7808911750073,9274.84118037731,-0.0002,0,-0.0013176,0,0,-1
12.1392,37.5805540074917,9274.79929067225,-0.0002,0,-0.0013392,0,0,-1
12.1608,37.3802180644684,9274.76468817566,-0.0002,0,-0.0013608,0,0,-1
12.1824,37.1798833459372,9274.73737369743,-0.0002,0,-0.0013824,0,0,-1
12.204,36.9795498518982,9274.71734811068,-0.0002,0,-0.001404,0,0,-1
12.2256,36.7792175823514,9274.70461235179,-0.0002,0,-0.0014256,0,0,-1
12.2472,36.5788865372968,9274.69916742033,-0.0002,0,-0.0014472,0,0,-1
12.2688,36.3785567167343,9274.70101437916,-0.0002,0,-0.0014688,0,0,-1
12.2904,36.1782281206641,9274.71015435435,-0.0002,0,-0.0014904,0,0,-1
12.312,35.977900749086,9274.72658853522,-0.0002,0,-0.001512,0,0,-1
12.3336,35.7775746020001,9274.75031817438,-0.0002,0,-0.0015336,0,0,-1
12.3552,35.5772496794064,9274.78134458758,-0.0002,0,-0.0015552,0,0,-1
12.3768,35.3769259813049,9274.8196691539,-0.0002,0,-0.0015768,0,0,-1
12.3984,35.1766035076956,9274.8652933156,-0.0002,0,-0.0015984,0,0,-1
12.42,34.9762822585785,9274.91821857824,-0.0002,0,-0.00162,0,0,-1
12.4416,34.7759697715673,9274.76545225928,-0.0002,0,-0.0016416,0,0,-1
12.4632,34.5756628062759,9274.52229701104,-0.0002,0,-0.0016632,0,0,-1
12.4848,34.375358147586,9274.28395076966,-0.0002,0,-0.0016848,0,0,-1
12.5064,34.1750557954977,9274.05040975899,-0.0002,0,-0.0017064,0,0,-1
12.528,33.974755750011,9273.8216702879,-0.0002,0,-0.001728,0,0,-1
12.5496,33.7744580111259,9273.59772875005,-0.0002,0,-0.0017496,0,0,-1
12.5712,33.5741625788423,9273.37858162402,-0.0002,0,-0.0017712,0,0,-1
12.5928,33.3738694531602,9273.16422547328,-0.0002,0,-0.0017928,0,0,-1
12.6144,33.1735786340798,9272.95465694616,-0.0002,0,-0.0018144,0,0,-1
12.636,32.9732901216009,9272.7498727759,-0.0002,0,-0.001836,0,0,-1
12.6576,32.7730039157235,9272.5498697806,-0.0002,0,-0.0018576,0,0,-1
12.6792,32.5727200164478,9272.35464486327,-0.0002,0,-0.0018792,0,0,-1
12.7008,32.3724384237735,9272.16419501181,-0.0002,0,-0.0019008,0,0,-1
12.7224,32.1721591377009,9271.97851729897,-0.0002,0,-0.0019224,0,0,-1
12.744,31.9718821582298,9271.79760888238,-0.0002,0,-0.001944,0,0,-1
12.7656,31.7716074853603,9271.62146700463,-0.0002,0,-0.0019656,0,0,-1
12.7872,31.5713351190923,9271.45008899311,-0.0002,0,-0.0019872,0,0,-1
12.8088,31.3710650594259,9271.28347226014,-0.0002,0,-0.0020088,0,0,-1
12.8304,31.1707973063611,9271.1216143029,-0.0002,0,-0.0020304,0,0,-1
12.852,30.9705318598978,9270.96451270348,-0.0002,0,-0.002052,0,0,-1
12.8736,30.7702687200361,9270.81216512885,-0.0002,0,-0.0020736,0,0,-1
12.8952,30.5700078867759,9270.66456933085,-0.0002,0,-0.0020952,0,0,-1
12.9168,30.3697493601173,9270.52172314618,-0.0002,0,-0.0021168,0,0,-1
12.9384,30.169510601403,9270.23298792548,-0.0002,0,-0.0021384,0,0,-1
12.96,29.9692911758081,9269.83317475181,-0.0002,0,-0.00216,0,0,-1
12.9816,29.7690770094685,9269.45292231134,-0.0002,0,-0.0021816,0,0,-1
13.0032,29.5688681023844,9269.09223317881,-0.0002,0,-0.0022032,0,0,-1
13.0248,29.3686644545556,9268.75111000031,-0.0002,0,-0.0022248,0,0,-1
13.0464,29.1684660659822,9268.42955549316,-0.0002,0,-0.0022464,0,0,-1
13.068,28.9682729366642,9268.12757244609,-0.0002,0,-0.002268,0,0,-1
13.0896,28.7680850666017,9267.84516371907,-0.0002,0,-0.0022896,0,0,-1
13.1112,28.5679024557945,9267.58233224339,-0.0002,0,-0.0023112,0,0,-1
13.1328,28.3677251042426,9267.33908102169,-0.0002,0,-0.0023328,0,0,-1
13.1544,28.1675530119462,9267.1154131279,-0.0002,0,-0.0023544,0,0,-1
13.176,27.9673861789052,9266.91133170728,-0.0002,0,-0.002376,0,0,-1
13.1976,27.7672246051195,9266.72683997635,-0.0002,0,-0.0023976,0,0,-1
13.2192,27.5670682905893,9266.56194122303,-0.0002,0,-0.0024192,0,0,-1
13.2408,27.3669172353145,9266.41663880647,-0.0002,0,-0.0024408,0,0,-1
13.2624,27.166771439295,9266.29093615719,-0.0002,0,-0.0024624,0,0,-1
13.284,26.9666309025309,9266.18483677697,-0.0002,0,-0.002484,0,0,-1
13.3056,26.7664956250222,9266.09834423898,-0.0002,0,-0.0025056,0,0,-1
13.3272,26.5663656067689,9266.03146218763,-0.0002,0,-0.0025272,0,0,-1
13.3488,26.366240847771,9265.98419433867,-0.0002,0,-0.0025488,0,0,-1
13.3704,26.1661213480286,9265.9565444792,-0.0002,0,-0.0025704,0,0,-1
13.392,25.9660071075415,9265.94851646755,-0.0002,0,-0.002592,0,0,-1
13.4136,25.7658981263097,9265.96011423341,-0.0002,0,-0.0026136,0,0,-1
13.4352,25.5657909741699,9265.57268973513,-0.0002,0,-0.0026352,0,0,-1
13.4568,25.36569356257,9264.50128036323,-0.0002,0,-0.0026568,0,0,-1
13.4784,25.1656162744405,9263.44374157807,-0.0002,0,-0.0026784,0,0,-1
13.5,24.9655591097814,9262.3999752538,-0.0002,0,-0.0027,0,0,-1
13.5216,24.7655220685928,9261.36988427832,-0.0002,0,-0.0027216,0,0,-1
13.5432,24.5655051508747,9260.35337255326,-0.0002,0,-0.0027432,0,0,-1
13.5648,24.365508356627,9259.35034499395,-0.0002,0,-0.0027648,0,0,-1
13.5864,24.1655316858498,9258.36070752946,-0.0002,0,-0.0027864,0,0,-1
13.608,23.965575138543,9257.3843671026,-0.0002,0,-0.002808,0,0,-1
13.6296,23.7656387147067,9256.42123166984,-0.0002,0,-0.0028296,0,0,-1
13.6512,23.5657224143408,9255.47121020147,-0.0002,0,-0.0028512,0,0,-1
13.6728,23.3658262374455,9254.53421268143,-0.0002,0,-0.0028728,0,0,-1
13.6944,23.1659501840205,9253.61015010744,-0.0002,0,-0.0028944,0,0,-1
13.716,22.9660942540661,9252.69893449088,-0.0002,0,-0.002916,0,0,-1
13.7376,22.766258447582,9251.80047885692,-0.0002,0,-0.0029376,0,0,-1
13.7592,22.5664427645685,9250.91469724441,-0.0002,0,-0.0029592,0,0,-1
13.7808,22.3666472050254,9250.04150470596,-0.0002,0,-0.0029808,0,0,-1
13.8024,22.1668717689527,9249.18081730787,-0.0002,0,-0.0030024,0,0,-1
13.824,21.9671164563505,9248.3325521302,-0.0002,0,-0.003024,0,0,-1
13.8456,21.7673812672188,9247.4966272667,-0.0002,0,-0.0030456,0,0,-1
13.8672,21.5676662015575,9246.67296182484,-0.0002,0,-0.0030672,0,0,-1
13.8888,21.3679712593667,9245.86147592589,-0.0002,0,-0.0030888,0,0,-1
13.9104,21.1682964406463,9245.06209070476,-0.0002,0,-0.0031104,0,0,-1
13.932,20.9686363645698,9244.17868813146,-0.0002,0,-0.003132,0,0,-1
13.9536,20.7689642819677,9242.49275588385,-0.0002,0,-0.0031536,0,0,-1
13.9752,20.5693359184197,9240.80427927776,-0.0002,0,-0.0031752,0,0,-1
13.9968,20.3697512739259,9239.1132961174,-0.0002,0,-0.0031968,0,0,-1
14.0184,20.1702103484862,9237.4198448612,-0.0002,0,-0.0032184,0,0,-1
14.04,19.9707131421007,9235.72396462179,-0.0002,0,-0.00324,0,0,-1
14.0616,19.7712596547693,9234.02569516605,-0.0002,0,-0.0032616,0,0,-1
14.0832,19.5718498864921,9232.32507691504,-0.0002,0,-0.0032832,0,0,-1
14.1048,19.372483837269,9230.62215094405,-0.0002,0,-0.0033048,0,0,-1
14.1264,19.1731615071,9228.91695898253,-0.0002,0,-0.0033264,0,0,-1
14.148,18.9738828959852,9227.2095434142,-0.0002,0,-0.003348,0,0,-1
14.1696,18.7746480039246,9225.49994727696,-0.0002,0,-0.0033696,0,0,-1
14.1912,18.575456830918,9223.78821426294,-0.0002,0,-0.0033912,0,0,-1
14.2128,18.3763093769657,9222.07438871845,-0.0002,0,-0.0034128,0,0,-1
14.2344,18.1772056420674,9220.35851564403,-0.0002,0,-0.0034344,0,0,-1
14.256,17.9781456262233,9218.64064069445,-0.0002,0,-0.003456,0,0,-1
14.2776,17.7791293294334,9216.92081017865,-0.0002,0,-0.0034776,0,0,-1
14.2992,17.5801567516976,9215.19907105981,-0.0002,0,-0.0034992,0,0,-1
14.3208,17.3812278930159,9213.47547095529,-0.0002,0,-0.0035208,0,0,-1
14.3424,17.1823427533884,9211.75005813671,-0.0002,0,-0.0035424,0,0,-1
14.364,16.983501332815,9210.02288152985,-0.0002,0,-0.003564,0,0,-1
14.3856,16.7847036312958,9208.29399071472,-0.0002,0,-0.0035856,0,0,-1
14.4072,16.5859496488307,9206.56343592554,-0.0002,0,-0.0036072,0,0,-1
14.4288,16.3872393854198,9204.83126805076,-0.0002,0,-0.0036288,0,0,-1
14.4504,16.1885287706846,9202.00444698519,-0.0002,0,-0.0036504,0,0,-1
14.472,15.9898820045669,9198.72286220107,-0.0002,0,-0.003672,0,0,-1
14.4936,15.7913227276171,9195.41620778547,-0.0002,0,-0.0036936,0,0,-1
14.5152,15.5928509398355,9192.08521465932,-0.0002,0,-0.0037152,0,0,-1
14.5368,15.3944666412219,9188.73064074369,-0.0002,0,-0.0037368,0,0,-1
14.5584,15.1961698317763,9185.35327095978,-0.0002,0,-0.0037584,0,0,-1
14.58,14.9979605114989,9181.95391722893,-0.0002,0,-0.00378,0,0,-1
14.6016,14.7998386803894,9178.53341847259,-0.0002,0,-0.0038016,0,0,-1
14.6232,14.601804338448,9175.09264061237,-0.0002,0,-0.0038232,0,0,-1
14.6448,14.4038574856747,9171.63247656994,-0.0002,0,-0.0038448,0,0,-1
14.6664,14.2059981220694,9168.15384626721,-0.0002,0,-0.0038664,0,0,-1
14.688,14.0082262476322,9164.65769662611,-0.0002,0,-0.003888,0,0,-1
14.7096,13.8105418623631,9161.14500156877,-0.0002,0,-0.0039096,0,0,-1
14.7312,13.612944966262,9157.61676201742,-0.0002,0,-0.0039312,0,0,-1
14.7528,13.4154355593289,9154.07400589443,-0.0002,0,-0.0039528,0,0,-1
14.7744,13.2180136415639,9150.51778812231,-0.0002,0,-0.0039744,0,0,-1
14.796,13.0206792129669,9146.94919062367,-0.0002,0,-0.003996,0,0,-1
14.8176,12.823432273538,9143.36932232126,-0.0002,0,-0.0040176,0,0,-1
14.8392,12.6262728232772,9139.77931913797,-0.0002,0,-0.0040392,0,0,-1
14.8608,12.4292008621844,9136.18034399682,-0.0002,0,-0.0040608,0,0,-1
14.8824,12.2322163902597,9132.57358682097,-0.0002,0,-0.0040824,0,0,-1
14.904,12.035319407503,9128.96026453365,-0.0002,0,-0.004104,0,0,-1
14.9256,11.8385099139144,9125.34162105833,-0.0002,0,-0.0041256,0,0,-1
14.9472,11.6418225156255,9121.85006237611,-0.0002,0,-0.0041472,0,0,-1
14.9688,11.4453982147199,9118.62145432453,-0.0002,0,-0.0041688,0,0,-1
14.9904,11.2491587328903,9115.04904334882,-0.0002,0,-0.0041904,0,0,-1
15.012,11.0531040701368,9111.05700914571,-0.0002,0,-0.004212,0,0,-1
15.0336,10.8572342264592,9106.5761097608,-0.0002,0,-0.0042336,0,0,-1
15.0552,10.6615492018577,9101.5436815886,-0.0002,0,-0.0042552,0,0,-1
15.0768,10.4660489963322,9095.90363937244,-0.0002,0,-0.0042768,0,0,-1
15.0984,10.2707336098828,9089.60647620457,-0.0002,0,-0.0042984,0,0,-1
15.12,10.0756030425093,9082.60926352606,-0.0002,0,-0.00432,0,0,-1
15.1416,9.8806572942119,9074.87565112693,-0.0002,0,-0.0043416,0,0,-1
15.1632,9.68589636499051,9066.37586714601,-0.0002,0,-0.0043632,0,0,-1
15.1848,9.49132025484512,9057.08671807099,-0.0002,0,-0.0043848,0,0,-1
15.2064,9.29727774695325,9048.50006922006,-0.0002,0,-0.0044064,0,0,-1
15.228,9.10376018527287,9041.46323600846,-0.0002,0,-0.004428,0,0,-1
15.2496,8.91054888675982,9035.26512242954,-0.0002,0,-0.0044496,0,0,-1
15.2712,8.7176438514141,9029.91057350925,-0.0002,0,-0.0044712,0,0,-1
15.2928,8.52504507923571,9025.40450577445,-0.0002,0,-0.0044928,0,0,-1
15.3144,8.33275257022462,9021.75190725299,-0.0002,0,-0.0045144,0,0,-1
15.336,8.14076632438088,9018.95783747358,-0.0002,0,-0.004536,0,0,-1
15.3576,7.94908634170447,9017.02742746598,-0.0002,0,-0.0045576,0,0,-1
15.3792,7.7577126221954,9015.96587976082,-0.0002,0,-0.0045792,0,0,-1
15.4008,7.56664516585365,9015.77846838968,-0.0002,0,-0.0046008,0,0,-1
15.4224,7.37588397267923,9016.47053888508,-0.0002,0,-0.0046224,0,0,-1
15.444,7.1854290426721,9018.04750828053,-0.0002,0,-0.004644,0,0,-1
15.4656,6.99491735302685,9061.272879773,-0.0002,0,-0.0046656,0,0,-1
15.4872,6.80452486539161,9089.83605680013,-0.0002,0,-0.0046872,0,0,-1
15.5088,6.61426726820912,9101.23904763704,-0.0002,0,-0.0047088,0,0,-1
15.5304,6.42414456147939,9095.79721694793,-0.0002,0,-0.0047304,0,0,-1
15.552,6.23415674520241,9073.884269913,-0.0002,0,-0.004752,0,0,-1
15.5736,6.04430381937818,9035.93225222851,-0.0002,0,-0.0047736,0,0,-1
15.5952,5.85458578400673,8982.43155010672,-0.0002,0,-0.0047952,0,0,-1
15.6168,5.66500263908805,8913.93089027591,-0.0002,0,-0.0048168,0,0,-1
15.6384,5.48365955385255,9078.27551734445,-0.0002,0,-0.0048384,0,0,-1
15.66,5.29932793213217,9363.14193496564,-0.0002,0,-0.00486,0,0,-1
15.6816,5.10811709519044,9686.81514304977,-0.0002,0,-0.0048816,0,0,-1
15.7032,4.91002704302743,10052.3302053116,-0.0002,0,-0.0049032,0,0,-1
15.7248,4.7050577756431,10464.1794255624,-0.0002,0,-0.0049248,0,0,-1
15.7464,4.49320929303745,10928.3123477101,-0.0002,0,-0.0049464,0,0,-1
15.768,4.27448159521049,11452.1357557586,-0.0002,0,-0.004968,0,0,-1
15.7896,4.04887468216222,12044.5136738086,-0.0002,0,-0.0049896,0,0,-1
15.8112,3.8902009982627,12180.5734577996,-0.000211200000000001,0,-0.005,1,0,0
15.8328,3.80309815608394,11874.3933641634,-0.0002328,0,-0.005,1,0,0
15.8544,3.72216820164622,11609.8759867767,-0.000254399999999999,0,-0.005,1,0,0
15.876,3.64741113494954,11382.8342318057,-0.000276,0,-0.005,1,0,0
15.8976,3.5788269559939,11189.2613266117,-0.0002976,0,-0.005,1,0,0
15.9192,3.51641566477931,11025.3308197509,-0.000319199999999999,0,-0.005,1,0,0
15.9408,3.46017726130575,10887.3965809749,-0.0003408,0,-0.005,1,0,0
15.9624,3.41011174557324,10771.9928012305,-0.0003624,0,-0.005,1,0,0
15.984,3.36621911758177,10675.8339926595,-0.000383999999999999,0,-0.005,1,0,0
16.0056,3.32849937733134,10595.8149885989,-0.0004056,0,-0.005,1,0,0
16.0272,3.29695252482195,10529.010943581,-0.0004272,0,-0.005,1,0,0
16.0488,3.27157856005361,10472.6773333332,-0.000448799999999999,0,-0.005,1,0,0
16.0704,3.25237748302631,10424.249954778,-0.000470399999999999,0,-0.005,1,0,0
16.092,3.23934929374004,10381.344926033,-0.000492000000000001,0,-0.005,1,0,0
16.1136,3.23249399219483,10341.7586864112,-0.000513600000000001,0,-0.005,1,0,0
16.1352,3.23181157839065,10303.4679964206,-0.0005352,0,-0.005,1,0,0
16.1568,3.23527683832341,10265.1055554437,-0.0005568,0,-0.005,1,0,0
16.1784,3.22571883441224,10230.8722376416,-0.000578399999999999,0,-0.005,1,0,0
16.2,3.21667729637882,10198.5828185273,-0.000600000000000002,0,-0.005,1,0,0
16.2216,3.20815222422316,10168.2368968088,-0.000621600000000001,0,-0.005,1,0,0
16.2432,3.20014361794526,10139.8344883317,-0.000643200000000001,0,-0.005,1,0,0
16.2648,3.19265147754512,10113.37602608,-0.0006648,0,-0.005,1,0,0
16.2864,3.18567580302273,10088.8623601753,-0.0006864,0,-0.005,1,0,0
16.308,3.1792165943781,10066.2947578776,-0.000707999999999999,0,-0.005,1,0,0
16.3296,3.17327385161123,10045.6749035847,-0.000729600000000002,0,-0.005,1,0,0
16.3512,3.16784757472212,10027.0048988324,-0.000751200000000001,0,-0.005,1,0,0
16.3728,3.16293776371076,10010.2872622947,-0.000772800000000001,0,-0.005,1,0,0
16.3944,3.15854441857716,9995.52492978327,-0.0007944,0,-0.005,1,0,0
16.416,3.15466753932132,9982.7212542481,-0.000816,0,-0.005,1,0,0
16.4376,3.15130712594324,9971.88000577708,-0.000837599999999999,0,-0.005,1,0,0
16.4592,3.14846317844291,9963.0053715961,-0.000859200000000002,0,-0.005,1,0,0
16.4808,3.14613569682034,9956.10195606906,-0.000880800000000001,0,-0.005,1,0,0
16.5024,3.14432468107553,9951.17478069793,-0.000902400000000001,0,-0.005,1,0,0
16.524,3.14303013120847,9948.22928412261,-0.000924,0,-0.005,1,0,0
16.5456,3.14225204721918,9947.27132212105,-0.0009456,0,-0.005,1,0,0
16.5672,3.14199042910764,9948.30716760922,-0.000967199999999999,0,-0.005,1,0,0
16.5888,3.14224527687385,9951.34351064107,-0.000988800000000002,0,-0.005,1,0,0
16.6104,3.1382179403366,399.745381362196,-0.001,0,-0.0050104,0,0,-1
16.632,3.1290358879155,410.564609462929,-0.001,0,-0.005032,0,0,-1
16.6536,3.1196907051036,421.119490118505,-0.001,0,-0.0050536,0,0,-1
16.6752,3.1101823919009,431.410044029589,-0.001,0,-0.0050752,0,0,-1
16.6968,3.10051094830741,441.436317641503,-0.001,0,-0.0050968,0,0,-1
16.7184,3.09067637432312,451.198383144239,-0.001,0,-0.0051184,0,0,-1
16.74,3.08067866994803,460.696338472452,-0.001,0,-0.00514,0,0,-1
16.7616,3.07051783518215,469.930307305461,-0.001,0,-0.0051616,0,0,-1
16.7832,3.06019387002547,478.900439067254,-0.001,0,-0.0051832,0,0,-1
16.8048,3.049706774478,487.606908926476,-0.001,0,-0.0052048,0,0,-1
16.8264,3.03905654853973,496.049917796447,-0.001,0,-0.0052264,0,0,-1
16.848,3.02824319221066,504.22969233514,-0.001,0,-0.005248,0,0,-1
16.8696,3.0172667054908,512.146484945202,-0.001,0,-0.0052696,0,0,-1
16.8912,3.00612708838014,519.800573773938,-0.001,0,-0.0052912,0,0,-1
16.9128,2.99482434087869,527.192262713324,-0.001,0,-0.0053128,0,0,-1
16.9344,2.98335846298643,534.321881399997,-0.001,0,-0.0053344,0,0,-1
16.956,2.97172945470339,541.18978521526,-0.001,0,-0.005356,0,0,-1
16.9776,2.95993731602954,547.796355285078,-0.001,0,-0.0053776,0,0,-1
16.9992,2.9479820469649,554.141998480083,-0.001,0,-0.0053992,0,0,-1
17.0208,2.93586364750947,560.227147415572,-0.001,0,-0.0054208,0,0,-1
17.0424,2.92358211766324,566.052260451506,-0.001,0,-0.0054424,0,0,-1
17.064,2.9111374574262,571.61782169251,-0.001,0,-0.005464,0,0,-1
17.0856,2.89852966679838,576.924340987876,-0.001,0,-0.0054856,0,0,-1
17.1072,2.88575874577976,581.972353931558,-0.001,0,-0.0055072,0,0,-1
17.1288,2.87282469437034,586.762421862176,-0.001,0,-0.0055288,0,0,-1
17.1504,2.85972751257013,591.295131863014,-0.001,0,-0.0055504,0,0,-1
17.172,2.84646720037912,595.571096762022,-0.001,0,-0.005572,0,0,-1
17.1936,2.83342947897533,598.334261051612,-0.001,0,-0.0055936,0,0,-1
17.2152,2.82048405434326,600.536267067992,-0.001,0,-0.0056152,0,0,-1
17.2368,2.80749523450848,602.706208600924,-0.001,0,-0.0056368,0,0,-1
17.2584,2.79446301947101,604.844051213535,-0.001,0,-0.0056584,0,0,-1
17.28,2.78138740923082,606.949766219684,-0.001,0,-0.00568,0,0,-1
17.3016,2.76826840378794,609.023330683968,-0.001,0,-0.0057016,0,0,-1
17.3232,2.75510600314235,611.064727421711,-0.001,0,-0.0057232,0,0,-1
17.3448,2.74190020729406,613.073944998973,-0.001,0,-0.0057448,0,0,-1
17.3664,2.72865101624307,615.050977732548,-0.001,0,-0.0057664,0,0,-1
17.388,2.71535842998938,616.995825689966,-0.001,0,-0.005788,0,0,-1
17.4096,2.70202244853298,618.908494689485,-0.001,0,-0.0058096,0,0,-1
17.4312,2.68864307187388,620.788996300101,-0.001,0,-0.0058312,0,0,-1
17.4528,2.67522030001207,622.637347841542,-0.001,0,-0.0058528,0,0,-1
17.4744,2.66175413294757,624.453572384269,-0.001,0,-0.0058744,0,0,-1
17.496,2.64824457068036,626.237698749478,-0.001,0,-0.005896,0,0,-1
17.5176,2.63469161321045,627.989761509099,-0.001,0,-0.0059176,0,0,-1
17.5392,2.62109526053784,629.709800985792,-0.001,0,-0.0059392,0,0,-1
17.5608,2.60745551266252,631.397863252954,-0.001,0,-0.0059608,0,0,-1
17.5824,2.5937723695845,633.054000134714,-0.001,0,-0.0059824,0,0,-1
17.604,2.58004583130378,634.678269205935,-0.001,0,-0.006004,0,0,-1
17.6256,2.56627589782035,636.270733792212,-0.001,0,-0.0060256,0,0,-1
17.6472,2.55246256913423,637.831462969879,-0.001,0,-0.0060472,0,0,-1
17.6688,2.5386058452454,639.360531565996,-0.001,0,-0.0060688,0,0,-1
17.6904,2.52470572615386,640.85802015836,-0.001,0,-0.0060904,0,0,-1
17.712,2.51076221185963,642.324015075502,-0.001,0,-0.006112,0,0,-1
17.7336,2.49677530236269,643.758608396689,-0.001,0,-0.0061336,0,0,-1
17.7552,2.48274499766305,645.161897951915,-0.001,0,-0.0061552,0,0,-1
17.7768,2.46881229947215,645.20783608841,-0.001,0,-0.0061768,0,0,-1
17.7984,2.45488551366807,645.18643073545,-0.001,0,-0.0061984,0,0,-1
17.82,2.44095848461603,645.166228270802,-0.001,0,-0.00622,0,0,-1
17.8416,2.42703121231603,645.147228877892,-0.001,0,-0.0062416,0,0,-1
17.8632,2.41310369676807,645.129432761309,-0.001,0,-0.0062632,0,0,-1
17.8848,2.39917593797215,645.112840146812,-0.001,0,-0.0062848,0,0,-1
17.9064,2.38524793592827,645.097451281324,-0.001,0,-0.0063064,0,0,-1
17.928,2.37131969063644,645.08326643293,-0.001,0,-0.006328,0,0,-1
17.9496,2.35739120209664,645.070285890883,-0.001,0,-0.0063496,0,0,-1
17.9712,2.34346247030888,645.058509965602,-0.001,0,-0.0063712,0,0,-1
17.9928,2.32953349527317,645.047938988672,-0.001,0,-0.0063928,0,0,-1
18.0144,2.31560427698949,645.03857331284,-0.001,0,-0.0064144,0,0,-1
18.036,2.30167481545786,645.030413312023,-0.001,0,-0.006436,0,0,-1
18.0576,2.28774511067827,645.023459381299,-0.001,0,-0.0064576,0,0,-1
18.0792,2.27381516265072,645.017711936915,-0.001,0,-0.0064792,0,0,-1
18.1008,2.25988497137521,645.01317141628,-0.001,0,-0.0065008,0,0,-1
18.1224,2.24595453685174,645.009838277973,-0.001,0,-0.0065224,0,0,-1
18.144,2.23202385908031,645.007713001735,-0.001,0,-0.006544,0,0,-1
18.1656,2.21809293806092,645.00679608847,-0.001,0,-0.0065656,0,0,-1
18.1872,2.20416177379358,645.007088060255,-0.001,0,-0.0065872,0,0,-1
18.2088,2.19023036627827,645.008589460325,-0.001,0,-0.0066088,0,0,-1
18.2304,2.17629871551501,645.011300853085,-0.001,0,-0.0066304,0,0,-1
18.252,2.16236682150378,645.015222824103,-0.001,0,-0.006652,0,0,-1
18.2736,2.1484346842446,645.020355980113,-0.001,0,-0.0066736,0,0,-1
18.2952,2.13450230373745,645.026700949017,-0.001,0,-0.0066952,0,0,-1
18.3168,2.12056967998235,645.034258379879,-0.001,0,-0.0067168,0,0,-1
18.3384,2.10663681297929,645.043028942928,-0.001,0,-0.0067384,0,0,-1
18.36,2.09270370272827,645.053013329563,-0.001,0,-0.00676,0,0,-1
18.3816,2.07877034922929,645.064212252343,-0.001,0,-0.0067816,0,0,-1
18.4032,2.06483675248235,645.076626444997,-0.001,0,-0.0068032,0,0,-1
18.4248,2.05090291248746,645.090256662415,-0.001,0,-0.0068248,0,0,-1
18.4464,2.0369688292446,645.105103680655,-0.001,0,-0.0068464,0,0,-1
18.468,2.02303450275378,645.121168296941,-0.001,0,-0.006868,0,0,-1
18.4896,2.00909993301501,645.138451329662,-0.001,0,-0.0068896,0,0,-1
18.5112,1.99516512002827,645.156953618372,-0.001,0,-0.0069112,0,0,-1
18.5328,1.98123006379358,645.176676023789,-0.001,0,-0.0069328,0,0,-1
18.5544,1.96729476431092,645.1976194278,-0.001,0,-0.0069544,0,0,-1
18.576,1.95335922158031,645.219784733454,-0.001,0,-0.006976,0,0,-1
18.5976,1.93942343560174,645.243172864967,-0.001,0,-0.0069976,0,0,-1
18.6192,1.92548740637521,645.26778476772,-0.001,0,-0.0070192,0,0,-1
18.6408,1.91155113390072,645.29362140826,-0.001,0,-0.0070408,0,0,-1
18.6624,1.89761461817827,645.320683774299,-0.001,0,-0.0070624,0,0,-1
18.684,1.88367785920786,645.348972874712,-0.001,0,-0.007084,0,0,-1
18.7056,1.8697408569895,645.378489739547,-0.001,0,-0.0071056,0,0,-1
18.7272,1.85580361152317,645.409235420008,-0.001,0,-0.0071272,0,0,-1
18.7488,1.84186612280888,645.44121098847,-0.001,0,-0.0071488,0,0,-1
18.7704,1.82792839084664,645.474417538472,-0.001,0,-0.0071704,0,0,-1
18.792,1.81399041563644,645.50885618472,-0.001,0,-0.007192,0,0,-1
18.8136,1.80005219717827,645.544528063081,-0.001,0,-0.0072136,0,0,-1
18.8352,1.78611373547215,645.581434330594,-0.001,0,-0.0072352,0,0,-1
18.8568,1.77216790129222,645.619564244004,-0.001,0,-0.0072568,0,0,-1
18.8784,1.75820661042402,645.657211680613,-0.001,0,-0.0072784,0,0,-1
18.9,1.74424553737672,645.693519924639,-0.001,0,-0.0073,0,0,-1
18.9216,1.73028468215031,645.72848832516,-0.001,0,-0.0073216,0,0,-1
18.9432,1.71632404474479,645.762116252958,-0.001,0,-0.0073432,0,0,-1
18.9648,1.70236362516017,645.794403100515,-0.001,0,-0.0073648,0,0,-1
18.9864,1.68840342339643,645.82534828202,-0.001,0,-0.0073864,0,0,-1
19.008,1.67444343945359,645.854951233368,-0.001,0,-0.007408,0,0,-1
19.0296,1.66048367333164,645.883211412155,-0.001,0,-0.0074296,0,0,-1
19.0512,1.64652412503059,645.910128297683,-0.001,0,-0.0074512,0,0,-1
19.0728,1.63256479455043,645.935701390958,-0.001,0,-0.0074728,0,0,-1
19.0944,1.61860568189116,645.959930214693,-0.001,0,-0.0074944,0,0,-1
19.116,1.60464678705278,645.9828143133,-0.001,0,-0.007516,0,0,-1
19.1376,1.59068811003529,646.0043532529,-0.001,0,-0.0075376,0,0,-1
19.1592,1.5767296508387,646.024546621315,-0.001,0,-0.0075592,0,0,-1
19.1808,1.562771409463,646.043394028075,-0.001,0,-0.0075808,0,0,-1
19.2024,1.5488133859082,646.06089510441,-0.001,0,-0.0076024,0,0,-1
19.224,1.53485558017428,646.077049503259,-0.001,0,-0.007624,0,0,-1
19.2456,1.52089799226126,646.091856899261,-0.001,0,-0.0076456,0,0,-1
19.2672,1.50694062216913,646.105316988763,-0.001,0,-0.0076672,0,0,-1
19.2888,1.49298346989789,646.117429489813,-0.001,0,-0.0076888,0,0,-1
19.3104,1.47902653544755,646.128194142166,-0.001,0,-0.0077104,0,0,-1
19.332,1.4650698188181,646.13761070728,-0.001,0,-0.007732,0,0,-1
19.3536,1.45111332000954,646.145678968318,-0.001,0,-0.0077536,0,0,-1
19.3752,1.43715703902187,646.152398730148,-0.001,0,-0.0077752,0,0,-1
19.3968,1.4232009758551,646.157769819339,-0.001,0,-0.0077968,0,0,-1
19.4184,1.40924513050922,646.161792084168,-0.001,0,-0.0078184,0,0,-1
19.44,1.39528950298423,646.164465394616,-0.001,0,-0.00784,0,0,-1
19.4616,1.38133409328014,646.165789642366,-0.001,0,-0.0078616,0,0,-1
19.4832,1.36737890139693,646.165764740807,-0.001,0,-0.0078832,0,0,-1
19.5048,1.35342392733462,646.164390625033,-0.001,0,-0.0079048,0,0,-1
19.5264,1.3394691710932,646.161667251841,-0.001,0,-0.0079264,0,0,-1
19.548,1.32551463267268,646.157594599732,-0.001,0,-0.007948,0,0,-1
19.5696,1.31156031207304,646.152172668914,-0.001,0,-0.0079696,0,0,-1
19.5912,1.2976062092943,646.145401481294,-0.001,0,-0.0079912,0,0,-1
19.6128,1.28365232433645,646.137281080491,-0.001,0,-0.0080128,0,0,-1
19.6344,1.2696986571995,646.127811531821,-0.001,0,-0.0080344,0,0,-1
19.656,1.25574520788344,646.116992922308,-0.001,0,-0.008056,0,0,-1
19.6776,1.24179197638827,646.104825360683,-0.001,0,-0.0080776,0,0,-1
19.6992,1.22783896271399,646.091308977375,-0.001,0,-0.0080992,0,0,-1
19.7208,1.2138861668606,646.07644392452,-0.001,0,-0.0081208,0,0,-1
19.7424,1.19993358882811,646.060230375961,-0.001,0,-0.0081424,0,0,-1
19.764,1.18598122861651,646.042668527242,-0.001,0,-0.008164,0,0,-1
19.7856,1.1720290862258,646.023758595613,-0.001,0,-0.0081856,0,0,-1
19.8072,1.15807716165599,646.003500820029,-0.001,0,-0.0082072,0,0,-1
19.8288,1.14412506888431,645.991728100087,-0.001,0,-0.0082288,0,0,-1
19.8504,1.13017265051302,645.989123959727,-0.001,0,-0.0082504,0,0,-1
19.872,1.11622022055222,645.986612235544,-0.001,0,-0.008272,0,0,-1
19.8936,1.10226777900192,645.984192926155,-0.001,0,-0.0082936,0,0,-1
19.9152,1.0883153258621,645.981866030221,-0.001,0,-0.0083152,0,0,-1
19.9368,1.07436286113278,645.979631546449,-0.001,0,-0.0083368,0,0,-1
19.9584,1.06041038481395,645.977489473591,-0.001,0,-0.0083584,0,0,-1
19.98,1.04645789690561,645.975439810443,-0.001,0,-0.00838,0,0,-1
20.0016,1.03250539740776,645.973482555847,-0.001,0,-0.0084016,0,0,-1
20.0232,1.0185528863204,645.971617708691,-0.001,0,-0.0084232,0,0,-1
20.0448,1.00460036364353,645.969845267908,-0.001,0,-0.0084448,0,0,-1
20.0664,0.990647829377154,645.968165232473,-0.001,0,-0.0084664,0,0,-1
20.088,0.97669528352127,645.966577601411,-0.001,0,-0.008488,0,0,-1
20.1096,0.962742726075874,645.965082373789,-0.001,0,-0.0085096,0,0,-1
20.1312,0.948790157040972,645.963679548721,-0.001,0,-0.0085312,0,0,-1
20.1528,0.934837576416562,645.962369125365,-0.001,0,-0.0085528,0,0,-1
20.1744,0.920884984202642,645.961151102922,-0.001,0,-0.0085744,0,0,-1
20.196,0.906932380399214,645.960025480644,-0.001,0,-0.008596,0,0,-1
20.2176,0.892979765006277,645.958992257824,-0.001,0,-0.0086176,0,0,-1
20.2392,0.879027138023829,645.9580514338,-0.001,0,-0.0086392,0,0,-1
20.2608,0.865074499451877,645.957203007956,-0.001,0,-0.0086608,0,0,-1
20.2824,0.851121849290413,645.956446979722,-0.001,0,-0.0086824,0,0,-1
20.304,0.837169187539442,645.955783348573,-0.001,0,-0.008704,0,0,-1
20.3256,0.823216514198958,645.955212114027,-0.001,0,-0.0087256,0,0,-1
20.3472,0.809263829268968,645.95473327565,-0.001,0,-0.0087472,0,0,-1
20.3688,0.795311132749471,645.954346833052,-0.001,0,-0.0087688,0,0,-1
20.3904,0.781358424640463,645.954052785887,-0.001,0,-0.0087904,0,0,-1
20.412,0.767405704941947,645.953851133857,-0.001,0,-0.008812,0,0,-1
20.4336,0.753452973653921,645.953741876705,-0.001,0,-0.0088336,0,0,-1
20.4552,0.739500230776387,645.953725014225,-0.001,0,-0.0088552,0,0,-1
20.4768,0.725547476309346,645.95380054625,-0.001,0,-0.0088768,0,0,-1
20.4984,0.711594710252795,645.953968472663,-0.001,0,-0.0088984,0,0,-1
20.52,0.697641932606735,645.954228793389,-0.001,0,-0.00892,0,0,-1
20.5416,0.683689143371167,645.9545815084,-0.001,0,-0.0089416,0,0,-1
20.5632,0.669736342546087,645.955026617712,-0.001,0,-0.0089632,0,0,-1
20.5848,0.655783530131502,645.955564121387,-0.001,0,-0.0089848,0,0,-1
20.6064,0.641830706127407,645.956194019531,-0.001,0,-0.0090064,0,0,-1
20.628,0.627877870533803,645.956916312298,-0.001,0,-0.009028,0,0,-1
20.6496,0.613925023350692,645.957730999885,-0.001,0,-0.0090496,0,0,-1
20.6712,0.599972164578071,645.958638082531,-0.001,0,-0.0090712,0,0,-1
20.6928,0.58601929421594,645.959637560527,-0.001,0,-0.0090928,0,0,-1
20.7144,0.572066412264301,645.960729434205,-0.001,0,-0.0091144,0,0,-1
20.736,0.558113518723154,645.961913703943,-0.001,0,-0.009136,0,0,-1
20.7576,0.544160632780902,645.962903238222,-0.001,0,-0.0091576,0,0,-1
20.7792,0.530207801925833,645.963032329444,-0.001,0,-0.0091792,0,0,-1
20.8008,0.516254970761135,645.963157249526,-0.001,0,-0.0092008,0,0,-1
20.8224,0.502302139286814,645.963277998469,-0.001,0,-0.0092224,0,0,-1
20.844,0.488349307502865,645.963394576271,-0.001,0,-0.009244,0,0,-1
20.8656,0.474396475409291,645.96350698293,-0.001,0,-0.0092656,0,0,-1
20.8872,0.46044364300609,645.963615218443,-0.001,0,-0.0092872,0,0,-1
20.9088,0.446490810293262,645.96371928281,-0.001,0,-0.0093088,0,0,-1
20.9304,0.432537977270806,645.963819176027,-0.001,0,-0.0093304,0,0,-1
20.952,0.418585143938725,645.963914898096,-0.001,0,-0.009352,0,0,-1
20.9736,0.404632310297019,645.964006449013,-0.001,0,-0.0093736,0,0,-1
20.9952,0.390679476345685,645.964093828778,-0.001,0,-0.0093952,0,0,-1
21.0168,0.376726642084725,645.964177037388,-0.001,0,-0.0094168,0,0,-1
21.0384,0.362773807514139,645.964256074843,-0.001,0,-0.0094384,0,0,-1
21.06,0.348820972633924,645.964330941142,-0.001,0,-0.00946,0,0,-1
21.0816,0.334868137444085,645.964401636283,-0.001,0,-0.0094816,0,0,-1
21.1032,0.320915301944619,645.964468160265,-0.001,0,-0.0095032,0,0,-1
21.1248,0.306962466135527,645.964530513087,-0.001,0,-0.0095248,0,0,-1
21.1464,0.293009630016809,645.964588694748,-0.001,0,-0.0095464,0,0,-1
21.168,0.279056793588464,645.964642705247,-0.001,0,-0.009568,0,0,-1
21.1896,0.26510395685049,645.964692544583,-0.001,0,-0.0095896,0,0,-1
21.2112,0.251151119802892,645.964738212754,-0.001,0,-0.0096112,0,0,-1
21.2328,0.237198282445667,645.964779709762,-0.001,0,-0.0096328,0,0,-1
21.2544,0.223245444778817,645.964817035603,-0.001,0,-0.0096544,0,0,-1
21.276,0.20929260680234,645.964850190277,-0.001,0,-0.009676,0,0,-1
21.2976,0.195339768516233,645.964879173785,-0.001,0,-0.0096976,0,0,-1
21.3192,0.181386929920504,645.964903986124,-0.001,0,-0.0097192,0,0,-1
21.3408,0.167434091015147,645.964924627297,-0.001,0,-0.0097408,0,0,-1
21.3624,0.153481251800164,645.964941097299,-0.001,0,-0.0097624,0,0,-1
21.384,0.139528412275554,645.964953396133,-0.001,0,-0.009784,0,0,-1
21.4056,0.125575572441318,645.964961523796,-0.001,0,-0.0098056,0,0,-1
21.4272,0.111622732297454,645.964965480288,-0.001,0,-0.0098272,0,0,-1
21.4488,0.0976698918439647,645.96496526561,-0.001,0,-0.0098488,0,0,-1
21.4704,0.0837170510808501,645.964960879763,-0.001,0,-0.0098704,0,0,-1
21.492,0.0697642100081078,645.964952322742,-0.001,0,-0.009892,0,0,-1
21.5136,0.0558113686257392,645.964939594551,-0.001,0,-0.0099136,0,0,-1
21.5352,0.0418585269337452,645.964922695188,-0.001,0,-0.0099352,0,0,-1
21.5568,0.0279056849321214,645.964901624654,-0.001,0,-0.0099568,0,0,-1
21.5784,0.0139528426208745,645.964876382947,-0.001,0,-0.0099784,0,0,-1
21.6,0,645.964846970069,-0.001,0,-0.01,0,0,-1
